<?xml version="1.0" encoding="UTF-8"?>
 <Project>
    <params>
        <name>IMG_pix_expand</name>
        <location>./src/IMG_pix_expand//c66/</location>
        <target>66</target>
        <buildArtifact>Executable</buildArtifact>
        <files name="./src/IMG_pix_expand/IMG_pix_expand.h"/>
        <files name="./src/IMG_pix_expand/IMG_pix_expand_cn.c"/>
        <files name="./src/IMG_pix_expand/IMG_pix_expand_cn.h"/>
        <files name="./src/IMG_pix_expand/IMG_pix_expand_d.c"/>
        <files name="./src/IMG_pix_expand/IMG_pix_expand_idat.c"/>
        <files name="./src/IMG_pix_expand/IMG_pix_expand_odat.c"/>
        <files name="./src/IMG_pix_expand//c66/IMG_pix_expand.c"/>
        <files name="./src/IMG_pix_expand//c66/IMG_pix_expand.h"/>
        <files name="./src/common/IMG_profile.c"/>
        <files name="./src/common/IMG_profile.h"/>
        <files name="./src/common/IMG_utility.c"/>
        <files name="./src/common/IMG_utility.h"/>
        <files name="./src/common/IMG_memory.c"/>
        <files name="./src/common/IMG_memory.h"/>
        <files name="./src/common//c66/lnk.cmd"/>
        <cFlags> --mem_model:data=far</cFlags>
    </params>
 </Project>
