<?xml version="1.0" encoding="UTF-8"?>
 <Project>
    <params>
        <name>IMG_sad_16x16</name>
        <location>./src/IMG_sad_16x16//c66/</location>
        <target>66</target>
        <buildArtifact>Executable</buildArtifact>
        <files name="./src/IMG_sad_16x16/IMG_sad_16x16.h"/>
        <files name="./src/IMG_sad_16x16/IMG_sad_16x16_cn.c"/>
        <files name="./src/IMG_sad_16x16/IMG_sad_16x16_cn.h"/>
        <files name="./src/IMG_sad_16x16/IMG_sad_16x16_d.c"/>
        <files name="./src/IMG_sad_16x16//c66/IMG_sad_16x16.h"/>
        <files name="./src/IMG_sad_16x16//c66/IMG_sad_16x16.s"/>
        <files name="./src/common/IMG_profile.c"/>
        <files name="./src/common/IMG_profile.h"/>
        <files name="./src/common/IMG_utility.c"/>
        <files name="./src/common/IMG_utility.h"/>
        <files name="./src/common/IMG_memory.c"/>
        <files name="./src/common/IMG_memory.h"/>
        <files name="./src/common//c66/lnk.cmd"/>
        <cFlags> --mem_model:data=far</cFlags>
    </params>
 </Project>
