<?xml version="1.0" encoding="UTF-8"?>
 <Project>
    <params>
        <name>IMG_corr_3x3_i16_c16</name>
        <location>./src/IMG_corr_3x3_i16_c16//c66/</location>
        <target>66</target>
        <buildArtifact>Executable</buildArtifact>
        <files name="./src/IMG_corr_3x3_i16_c16/IMG_corr_3x3_i16_c16.h"/>
        <files name="./src/IMG_corr_3x3_i16_c16/IMG_corr_3x3_i16_c16_cn.c"/>
        <files name="./src/IMG_corr_3x3_i16_c16/IMG_corr_3x3_i16_c16_cn.h"/>
        <files name="./src/IMG_corr_3x3_i16_c16/IMG_corr_3x3_i16_c16_d.c"/>
        <files name="./src/IMG_corr_3x3_i16_c16/IMG_corr_3x3_i16_c16_idat.c"/>
        <files name="./src/IMG_corr_3x3_i16_c16/IMG_corr_3x3_i16_c16_odat.c"/>
        <files name="./src/IMG_corr_3x3_i16_c16//c66/IMG_corr_3x3_i16_c16.h"/>
        <files name="./src/IMG_corr_3x3_i16_c16//c66/IMG_corr_3x3_i16_c16.sa"/>
        <files name="./src/common/IMG_profile.c"/>
        <files name="./src/common/IMG_profile.h"/>
        <files name="./src/common/IMG_utility.c"/>
        <files name="./src/common/IMG_utility.h"/>
        <files name="./src/common/IMG_memory.c"/>
        <files name="./src/common/IMG_memory.h"/>
        <files name="./src/common//c66/lnk.cmd"/>
        <cFlags> --mem_model:data=far</cFlags>
    </params>
 </Project>
