<?xml version="1.0" encoding="UTF-8"?>
 <Project>
    <params>
        <name>IMG_idct_8x8_12q4</name>
        <location>./src/IMG_idct_8x8_12q4//c66/</location>
        <target>66</target>
        <buildArtifact>Executable</buildArtifact>
        <files name="./src/IMG_idct_8x8_12q4/IMG_idct_8x8_12q4.h"/>
        <files name="./src/IMG_idct_8x8_12q4/IMG_idct_8x8_12q4_cn.c"/>
        <files name="./src/IMG_idct_8x8_12q4/IMG_idct_8x8_12q4_cn.h"/>
        <files name="./src/IMG_idct_8x8_12q4/IMG_idct_8x8_12q4_d.c"/>
        <files name="./src/IMG_idct_8x8_12q4/IMG_idct_8x8_12q4_idat.c"/>
        <files name="./src/IMG_idct_8x8_12q4/IMG_idct_8x8_12q4_odat.c"/>
        <files name="./src/IMG_idct_8x8_12q4//c66/IMG_idct_8x8_12q4.h"/>
        <files name="./src/IMG_idct_8x8_12q4//c66/IMG_idct_8x8_12q4.s"/>
        <files name="./src/common/IMG_profile.c"/>
        <files name="./src/common/IMG_profile.h"/>
        <files name="./src/common/IMG_utility.c"/>
        <files name="./src/common/IMG_utility.h"/>
        <files name="./src/common/IMG_memory.c"/>
        <files name="./src/common/IMG_memory.h"/>
        <files name="./src/common//c66/lnk.cmd"/>
        <cFlags> --mem_model:data=far</cFlags>
    </params>
 </Project>
