<?xml version="1.0" encoding="UTF-8"?>
 <Project>
    <params>
        <name>IMG_quantize</name>
        <location>./src/IMG_quantize//c66/</location>
        <target>66</target>
        <buildArtifact>Executable</buildArtifact>
        <files name="./src/IMG_quantize/IMG_quantize.h"/>
        <files name="./src/IMG_quantize/IMG_quantize_cn.c"/>
        <files name="./src/IMG_quantize/IMG_quantize_cn.h"/>
        <files name="./src/IMG_quantize/IMG_quantize_d.c"/>
        <files name="./src/IMG_quantize//c66/IMG_quantize.h"/>
        <files name="./src/IMG_quantize//c66/IMG_quantize.s"/>
        <files name="./src/common/IMG_profile.c"/>
        <files name="./src/common/IMG_profile.h"/>
        <files name="./src/common/IMG_utility.c"/>
        <files name="./src/common/IMG_utility.h"/>
        <files name="./src/common/IMG_memory.c"/>
        <files name="./src/common/IMG_memory.h"/>
        <files name="./src/common//c66/lnk.cmd"/>
        <cFlags> --mem_model:data=far</cFlags>
    </params>
 </Project>
