<?xml version="1.0" encoding="UTF-8"?>
<package kind='package' name='ti.imglib' nodoc='0' root='../../' summary=''>
    <line tab='0' content='%3Cspan+class%3D%22xdoc-kw1%22%3Epackage%3C%2Fspan%3E+%3Cgo%3E%3Cspan+class%3D%22xdoc-id%22%3Eti.imglib%3C%2Fspan%3E%3C%2Fgo%3E+%5B1%2C+1%2C+0%2C+0%5D+%7B'/>
    <line tab='0' content='%7D'/>
    <unit name='Version' kind='module' nodoc='0' metaonly='1' summary='Version+for+the+ti.imglib+package' inherits='ti.mas.swtools.IVersion2'>
        <synopSpec>
            <line tab='0' content='%3Cspan+class%3D%22xdoc-kw1%22%3Epackage%3C%2Fspan%3E+%3Ca+class%3D%22xdoc-link%22+href%3D%22..%2F..%2Fti%2Fimglib%2Fpackage.html%22+title%3D%22ti.imglib%22%3Eti.imglib%3C%2Fa%3E%3B'/>
            <line blank='1' always='0'/>
            <line tab='0' content='%3Cspan+class%3D%22xdoc-kw1%22%3Emetaonly+%3C%2Fspan%3E%3Cspan+class%3D%22xdoc-kw1%22%3Emodule%3C%2Fspan%3E+%3Cgo%3E%3Cspan+class%3D%22xdoc-id%22%3EVersion%3C%2Fspan%3E%3C%2Fgo%3E%3Cspan+class%3D%22xdoc-kw1%22%3E+inherits+%3C%2Fspan%3E%3Ca+class%3D%22xdoc-link%22+href%3D%22..%2F..%2Fti%2Fmas%2Fswtools%2FIVersion2.html%22+title%3D%22ti.mas.swtools.IVersion2%22%3EIVersion2%3C%2Fa%3E+%7B'/>
            <line tab='0' content='%7D'/>
        </synopSpec>
        <specInfo>
            <line tab='0' content='%3Cspan+class%3D%22xdoc-kw1%22%3Emetaonly+%3C%2Fspan%3E%3Cspan+class%3D%22xdoc-kw1%22%3Emodule%3C%2Fspan%3E+%3Cgo%3E%3Cspan+class%3D%22xdoc-id%22%3EVersion%3C%2Fspan%3E%3C%2Fgo%3E+%7B%3Cb%3E%26nbsp%3B%26nbsp%3B...%3C%2Fb%3E'/>
            <line tab='0' comment='inherits+%3Ca+class%3D%22xdoc-link%22+href%3D%22..%2F..%2Fti%2Fmas%2Fswtools%2FIVersion2.html%22+title%3D%22ti.mas.swtools.IVersion2%22%3Eti.mas.swtools.IVersion2%3C%2Fa%3E'/>
        </specInfo>
        <synopMeta>
            <line tab='0' content='%3Cspan+class%3D%22xdoc-kw1%22%3Evar%3C%2Fspan%3E+Version+%3D+%3Cspan+class%3D%22xdoc-kw3%22%3Exdc.useModule%3C%2Fspan%3E%28%3Cspan+class%3D%22xdoc-id%22%3E%27ti.imglib.Version%27%3C%2Fspan%3E%29%3B'/>
        </synopMeta>
        <group name='module-wide constants &amp; types'>
            <decl kind='const' name='BTYPE' anchor='.B.T.Y.P.E' altext='ti.imglib.Version.BTYPE' nodoc='0' external='1' overrides='1' readonly='0' instance='0' summary='Build+Type' origin='%3Ca+class%3D%22xdoc-link%22+href%3D%22..%2F..%2Fti%2Fmas%2Fswtools%2FIVersion2.html%23.B.T.Y.P.E%22+title%3D%22ti.mas.swtools.IVersion2.BTYPE%22%3EIVersion2%3C%2Fa%3E'>
                <synopSpec>
                    <line tab='0' content='%3Cspan+class%3D%22xdoc-kw1%22%3Eoverride+%3C%2Fspan%3E%3Cspan+class%3D%22xdoc-kw1%22%3Econst%3C%2Fspan%3E+%3Cspan+class%3D%22xdoc-kw2%22%3EUInt16%3C%2Fspan%3E%26nbsp%3B%3Cgo%3E%3Cspan+class%3D%22xdoc-id%22%3EBTYPE%3C%2Fspan%3E%3C%2Fgo%3E+%3D+0%3B'/>
                </synopSpec>
                <synopMeta>
                    <line tab='0' content='%3Cspan+class%3D%22xdoc-kw1%22%3Econst%3C%2Fspan%3E+%3Cgo%3EVersion.%3Cspan+class%3D%22xdoc-id%22%3EBTYPE%3C%2Fspan%3E%3C%2Fgo%3E+%3D+0%3B'/>
                </synopMeta>
                <docSect name='details'>
                    <docPara content='Value+++%7C+String+++%7C+Description+%0A+++0+++++%7C++empty+++%7C+Regular+build+as+described+by+the+QUALITY+field.+%0A++++++++++++++++++++++%28default%29+%0A+++1+++++%7C++eng+++++%7C+Engineering+build+provided+prior+to+moving+to+next+%0A++++++++++++++++++++++quality+stage.+Not+fully+tested.+%0A+++2+++++%7C++dbg+++++%7C+Debug+build+provided+prior+to+moving+to+next+quality+%0A++++++++++++++++++++++stage.+Not+fully+tested.+May+contain+temporary+code+%0A++++++++++++++++++++++and+traces+that+will+be+removed+in+the+next+regular+%0A++++++++++++++++++++++or+engineering+build.+%0A++3-31+++%7C+reserved+%7C+Reserved+for+future+expansion+of+the+packaging+%0A++++++++++++++++++++++standard.+%0A++32-127+%7C+user+defined+%7C+Site%2Fgroup+specific+extensions.'/>
                </docSect>
            </decl>
            <decl kind='const' name='BTYPE_DEBUG' anchor='.B.T.Y.P.E_.D.E.B.U.G' altext='ti.imglib.Version.BTYPE_DEBUG' nodoc='0' external='1' overrides='0' readonly='0' instance='0' summary='' origin='%3Ca+class%3D%22xdoc-link%22+href%3D%22..%2F..%2Fti%2Fmas%2Fswtools%2FIVersion2.html%23.B.T.Y.P.E_.D.E.B.U.G%22+title%3D%22ti.mas.swtools.IVersion2.BTYPE_DEBUG%22%3EIVersion2%3C%2Fa%3E'>
                <synopSpec>
                    <line tab='0' content='%3Cspan+class%3D%22xdoc-kw1%22%3Econst%3C%2Fspan%3E+%3Cspan+class%3D%22xdoc-kw2%22%3EUInt16%3C%2Fspan%3E%26nbsp%3B%3Cgo%3E%3Cspan+class%3D%22xdoc-id%22%3EBTYPE_DEBUG%3C%2Fspan%3E%3C%2Fgo%3E+%3D+2%3B'/>
                </synopSpec>
                <synopMeta>
                    <line tab='0' content='%3Cspan+class%3D%22xdoc-kw1%22%3Econst%3C%2Fspan%3E+%3Cgo%3EVersion.%3Cspan+class%3D%22xdoc-id%22%3EBTYPE_DEBUG%3C%2Fspan%3E%3C%2Fgo%3E+%3D+2%3B'/>
                </synopMeta>
            </decl>
            <decl kind='const' name='BTYPE_ENGINEERING' anchor='.B.T.Y.P.E_.E.N.G.I.N.E.E.R.I.N.G' altext='ti.imglib.Version.BTYPE_ENGINEERING' nodoc='0' external='1' overrides='0' readonly='0' instance='0' summary='' origin='%3Ca+class%3D%22xdoc-link%22+href%3D%22..%2F..%2Fti%2Fmas%2Fswtools%2FIVersion2.html%23.B.T.Y.P.E_.E.N.G.I.N.E.E.R.I.N.G%22+title%3D%22ti.mas.swtools.IVersion2.BTYPE_ENGINEERING%22%3EIVersion2%3C%2Fa%3E'>
                <synopSpec>
                    <line tab='0' content='%3Cspan+class%3D%22xdoc-kw1%22%3Econst%3C%2Fspan%3E+%3Cspan+class%3D%22xdoc-kw2%22%3EUInt16%3C%2Fspan%3E%26nbsp%3B%3Cgo%3E%3Cspan+class%3D%22xdoc-id%22%3EBTYPE_ENGINEERING%3C%2Fspan%3E%3C%2Fgo%3E+%3D+1%3B'/>
                </synopSpec>
                <synopMeta>
                    <line tab='0' content='%3Cspan+class%3D%22xdoc-kw1%22%3Econst%3C%2Fspan%3E+%3Cgo%3EVersion.%3Cspan+class%3D%22xdoc-id%22%3EBTYPE_ENGINEERING%3C%2Fspan%3E%3C%2Fgo%3E+%3D+1%3B'/>
                </synopMeta>
            </decl>
            <decl kind='const' name='BTYPE_STANDARD' anchor='.B.T.Y.P.E_.S.T.A.N.D.A.R.D' altext='ti.imglib.Version.BTYPE_STANDARD' nodoc='0' external='1' overrides='0' readonly='0' instance='0' summary='' origin='%3Ca+class%3D%22xdoc-link%22+href%3D%22..%2F..%2Fti%2Fmas%2Fswtools%2FIVersion2.html%23.B.T.Y.P.E_.S.T.A.N.D.A.R.D%22+title%3D%22ti.mas.swtools.IVersion2.BTYPE_STANDARD%22%3EIVersion2%3C%2Fa%3E'>
                <synopSpec>
                    <line tab='0' content='%3Cspan+class%3D%22xdoc-kw1%22%3Econst%3C%2Fspan%3E+%3Cspan+class%3D%22xdoc-kw2%22%3EUInt16%3C%2Fspan%3E%26nbsp%3B%3Cgo%3E%3Cspan+class%3D%22xdoc-id%22%3EBTYPE_STANDARD%3C%2Fspan%3E%3C%2Fgo%3E+%3D+0%3B'/>
                </synopSpec>
                <synopMeta>
                    <line tab='0' content='%3Cspan+class%3D%22xdoc-kw1%22%3Econst%3C%2Fspan%3E+%3Cgo%3EVersion.%3Cspan+class%3D%22xdoc-id%22%3EBTYPE_STANDARD%3C%2Fspan%3E%3C%2Fgo%3E+%3D+0%3B'/>
                </synopMeta>
            </decl>
            <decl kind='const' name='BUILD' anchor='.B.U.I.L.D' altext='ti.imglib.Version.BUILD' nodoc='0' external='1' overrides='0' readonly='0' instance='0' summary=''>
                <synopSpec>
                    <line tab='0' content='%3Cspan+class%3D%22xdoc-kw1%22%3Econst%3C%2Fspan%3E+%3Cspan+class%3D%22xdoc-kw2%22%3EUInt16%3C%2Fspan%3E%26nbsp%3B%3Cgo%3E%3Cspan+class%3D%22xdoc-id%22%3EBUILD%3C%2Fspan%3E%3C%2Fgo%3E+%3D+0%3B'/>
                </synopSpec>
                <synopMeta>
                    <line tab='0' content='%3Cspan+class%3D%22xdoc-kw1%22%3Econst%3C%2Fspan%3E+%3Cgo%3EVersion.%3Cspan+class%3D%22xdoc-id%22%3EBUILD%3C%2Fspan%3E%3C%2Fgo%3E+%3D+0%3B'/>
                </synopMeta>
            </decl>
            <decl kind='const' name='MAJOR' anchor='.M.A.J.O.R' altext='ti.imglib.Version.MAJOR' nodoc='0' external='1' overrides='1' readonly='0' instance='0' summary='Major+version+number' origin='%3Ca+class%3D%22xdoc-link%22+href%3D%22..%2F..%2Fti%2Fmas%2Fswtools%2FIVersion2.html%23.M.A.J.O.R%22+title%3D%22ti.mas.swtools.IVersion2.MAJOR%22%3EIVersion2%3C%2Fa%3E'>
                <synopSpec>
                    <line tab='0' content='%3Cspan+class%3D%22xdoc-kw1%22%3Eoverride+%3C%2Fspan%3E%3Cspan+class%3D%22xdoc-kw1%22%3Econst%3C%2Fspan%3E+%3Cspan+class%3D%22xdoc-kw2%22%3EUInt16%3C%2Fspan%3E%26nbsp%3B%3Cgo%3E%3Cspan+class%3D%22xdoc-id%22%3EMAJOR%3C%2Fspan%3E%3C%2Fgo%3E+%3D+3%3B'/>
                </synopSpec>
                <synopMeta>
                    <line tab='0' content='%3Cspan+class%3D%22xdoc-kw1%22%3Econst%3C%2Fspan%3E+%3Cgo%3EVersion.%3Cspan+class%3D%22xdoc-id%22%3EMAJOR%3C%2Fspan%3E%3C%2Fgo%3E+%3D+3%3B'/>
                </synopMeta>
                <docSect name='details'>
                    <docPara content='This+number+should+be+changed+when+major+changes+in+the+package+%0A++occur.+Examples+include+adding+new+modules%2C+adding+substantial+new+%0A++features+to+the+algorithm%28s%29.'/>
                </docSect>
            </decl>
            <decl kind='const' name='MINOR' anchor='.M.I.N.O.R' altext='ti.imglib.Version.MINOR' nodoc='0' external='1' overrides='1' readonly='0' instance='0' summary='Minor+version+number' origin='%3Ca+class%3D%22xdoc-link%22+href%3D%22..%2F..%2Fti%2Fmas%2Fswtools%2FIVersion2.html%23.M.I.N.O.R%22+title%3D%22ti.mas.swtools.IVersion2.MINOR%22%3EIVersion2%3C%2Fa%3E'>
                <synopSpec>
                    <line tab='0' content='%3Cspan+class%3D%22xdoc-kw1%22%3Eoverride+%3C%2Fspan%3E%3Cspan+class%3D%22xdoc-kw1%22%3Econst%3C%2Fspan%3E+%3Cspan+class%3D%22xdoc-kw2%22%3EUInt16%3C%2Fspan%3E%26nbsp%3B%3Cgo%3E%3Cspan+class%3D%22xdoc-id%22%3EMINOR%3C%2Fspan%3E%3C%2Fgo%3E+%3D+1%3B'/>
                </synopSpec>
                <synopMeta>
                    <line tab='0' content='%3Cspan+class%3D%22xdoc-kw1%22%3Econst%3C%2Fspan%3E+%3Cgo%3EVersion.%3Cspan+class%3D%22xdoc-id%22%3EMINOR%3C%2Fspan%3E%3C%2Fgo%3E+%3D+1%3B'/>
                </synopMeta>
                <docSect name='details'>
                    <docPara content='This+number+should+be+changed+when+minor+changes+in+the+package+%0A++occur.+Examples+include+minor+changes+to+the+existing+APIs%2C+%0A++adding+minor+features+to+the+algorithms%28s%29+including+expanding+the+%0A++configuration+options.'/>
                </docSect>
            </decl>
            <decl kind='const' name='PATCH' anchor='.P.A.T.C.H' altext='ti.imglib.Version.PATCH' nodoc='0' external='1' overrides='1' readonly='0' instance='0' summary='Patch+level' origin='%3Ca+class%3D%22xdoc-link%22+href%3D%22..%2F..%2Fti%2Fmas%2Fswtools%2FIVersion2.html%23.P.A.T.C.H%22+title%3D%22ti.mas.swtools.IVersion2.PATCH%22%3EIVersion2%3C%2Fa%3E'>
                <synopSpec>
                    <line tab='0' content='%3Cspan+class%3D%22xdoc-kw1%22%3Eoverride+%3C%2Fspan%3E%3Cspan+class%3D%22xdoc-kw1%22%3Econst%3C%2Fspan%3E+%3Cspan+class%3D%22xdoc-kw2%22%3EUInt16%3C%2Fspan%3E%26nbsp%3B%3Cgo%3E%3Cspan+class%3D%22xdoc-id%22%3EPATCH%3C%2Fspan%3E%3C%2Fgo%3E+%3D+1%3B'/>
                </synopSpec>
                <synopMeta>
                    <line tab='0' content='%3Cspan+class%3D%22xdoc-kw1%22%3Econst%3C%2Fspan%3E+%3Cgo%3EVersion.%3Cspan+class%3D%22xdoc-id%22%3EPATCH%3C%2Fspan%3E%3C%2Fgo%3E+%3D+1%3B'/>
                </synopMeta>
                <docSect name='details'>
                    <docPara content='This+number+should+be+changed+when+bug+fixes+or+performance+%0A++improvements+are+introduced.+There+should+be+no+changes+in+the+APIs+%0A++in+this+case.'/>
                </docSect>
            </decl>
            <decl kind='const' name='PKGSTD' anchor='.P.K.G.S.T.D' altext='ti.imglib.Version.PKGSTD' nodoc='0' external='1' overrides='0' readonly='0' instance='0' summary=''>
                <synopSpec>
                    <line tab='0' content='%3Cspan+class%3D%22xdoc-kw1%22%3Econst%3C%2Fspan%3E+%3Cspan+class%3D%22xdoc-kw2%22%3EUInt16%3C%2Fspan%3E%26nbsp%3B%3Cgo%3E%3Cspan+class%3D%22xdoc-id%22%3EPKGSTD%3C%2Fspan%3E%3C%2Fgo%3E+%3D+2%3B'/>
                </synopSpec>
                <synopMeta>
                    <line tab='0' content='%3Cspan+class%3D%22xdoc-kw1%22%3Econst%3C%2Fspan%3E+%3Cgo%3EVersion.%3Cspan+class%3D%22xdoc-id%22%3EPKGSTD%3C%2Fspan%3E%3C%2Fgo%3E+%3D+2%3B'/>
                </synopMeta>
            </decl>
            <decl kind='const' name='QUALITY' anchor='.Q.U.A.L.I.T.Y' altext='ti.imglib.Version.QUALITY' nodoc='0' external='1' overrides='1' readonly='0' instance='0' summary='Quality' origin='%3Ca+class%3D%22xdoc-link%22+href%3D%22..%2F..%2Fti%2Fmas%2Fswtools%2FIVersion2.html%23.Q.U.A.L.I.T.Y%22+title%3D%22ti.mas.swtools.IVersion2.QUALITY%22%3EIVersion2%3C%2Fa%3E'>
                <synopSpec>
                    <line tab='0' content='%3Cspan+class%3D%22xdoc-kw1%22%3Eoverride+%3C%2Fspan%3E%3Cspan+class%3D%22xdoc-kw1%22%3Econst%3C%2Fspan%3E+%3Cspan+class%3D%22xdoc-kw2%22%3EUInt16%3C%2Fspan%3E%26nbsp%3B%3Cgo%3E%3Cspan+class%3D%22xdoc-id%22%3EQUALITY%3C%2Fspan%3E%3C%2Fgo%3E+%3D+3%3B'/>
                </synopSpec>
                <synopMeta>
                    <line tab='0' content='%3Cspan+class%3D%22xdoc-kw1%22%3Econst%3C%2Fspan%3E+%3Cgo%3EVersion.%3Cspan+class%3D%22xdoc-id%22%3EQUALITY%3C%2Fspan%3E%3C%2Fgo%3E+%3D+3%3B'/>
                </synopMeta>
                <docSect name='details'>
                    <docPara content='Value+++%7C+String+++%7C+Description+%0A++0++++++%7C+prealpha+%7C+Pre-alpha%2C+under+development.+Cannot+be+delivered+%0A++++++++++++++++++++++to+customers.+%28default%29+%0A++1++++++%7C+alpha++++%7C+Substantial+features+included.+Not+fully+tested.+%0A++2++++++%7C+beta+++++%7C+All+features+included.+Not+fully+tested.+%0A++3++++++%7C+%26lt%3Bempty%26gt%3B++%7C+All+features+included.+Fully+tested.+General+%0A++++++++++++++++++++++availability.+%0A+4-31++++%7C+reserved+%7C+Reserved+for+future+expansion+of+the+packaging+%0A++++++++++++++++++++++standard.+%0A+32-127++%7C+user+defined+%7C+Site%2Fgroup+specific+extensions.'/>
                </docSect>
            </decl>
            <decl kind='const' name='QUALITY_ALPHA' anchor='.Q.U.A.L.I.T.Y_.A.L.P.H.A' altext='ti.imglib.Version.QUALITY_ALPHA' nodoc='0' external='1' overrides='0' readonly='0' instance='0' summary='' origin='%3Ca+class%3D%22xdoc-link%22+href%3D%22..%2F..%2Fti%2Fmas%2Fswtools%2FIVersion2.html%23.Q.U.A.L.I.T.Y_.A.L.P.H.A%22+title%3D%22ti.mas.swtools.IVersion2.QUALITY_ALPHA%22%3EIVersion2%3C%2Fa%3E'>
                <synopSpec>
                    <line tab='0' content='%3Cspan+class%3D%22xdoc-kw1%22%3Econst%3C%2Fspan%3E+%3Cspan+class%3D%22xdoc-kw2%22%3EUInt16%3C%2Fspan%3E%26nbsp%3B%3Cgo%3E%3Cspan+class%3D%22xdoc-id%22%3EQUALITY_ALPHA%3C%2Fspan%3E%3C%2Fgo%3E+%3D+1%3B'/>
                </synopSpec>
                <synopMeta>
                    <line tab='0' content='%3Cspan+class%3D%22xdoc-kw1%22%3Econst%3C%2Fspan%3E+%3Cgo%3EVersion.%3Cspan+class%3D%22xdoc-id%22%3EQUALITY_ALPHA%3C%2Fspan%3E%3C%2Fgo%3E+%3D+1%3B'/>
                </synopMeta>
            </decl>
            <decl kind='const' name='QUALITY_BETA' anchor='.Q.U.A.L.I.T.Y_.B.E.T.A' altext='ti.imglib.Version.QUALITY_BETA' nodoc='0' external='1' overrides='0' readonly='0' instance='0' summary='' origin='%3Ca+class%3D%22xdoc-link%22+href%3D%22..%2F..%2Fti%2Fmas%2Fswtools%2FIVersion2.html%23.Q.U.A.L.I.T.Y_.B.E.T.A%22+title%3D%22ti.mas.swtools.IVersion2.QUALITY_BETA%22%3EIVersion2%3C%2Fa%3E'>
                <synopSpec>
                    <line tab='0' content='%3Cspan+class%3D%22xdoc-kw1%22%3Econst%3C%2Fspan%3E+%3Cspan+class%3D%22xdoc-kw2%22%3EUInt16%3C%2Fspan%3E%26nbsp%3B%3Cgo%3E%3Cspan+class%3D%22xdoc-id%22%3EQUALITY_BETA%3C%2Fspan%3E%3C%2Fgo%3E+%3D+2%3B'/>
                </synopSpec>
                <synopMeta>
                    <line tab='0' content='%3Cspan+class%3D%22xdoc-kw1%22%3Econst%3C%2Fspan%3E+%3Cgo%3EVersion.%3Cspan+class%3D%22xdoc-id%22%3EQUALITY_BETA%3C%2Fspan%3E%3C%2Fgo%3E+%3D+2%3B'/>
                </synopMeta>
            </decl>
            <decl kind='const' name='QUALITY_GA' anchor='.Q.U.A.L.I.T.Y_.G.A' altext='ti.imglib.Version.QUALITY_GA' nodoc='0' external='1' overrides='0' readonly='0' instance='0' summary='' origin='%3Ca+class%3D%22xdoc-link%22+href%3D%22..%2F..%2Fti%2Fmas%2Fswtools%2FIVersion2.html%23.Q.U.A.L.I.T.Y_.G.A%22+title%3D%22ti.mas.swtools.IVersion2.QUALITY_GA%22%3EIVersion2%3C%2Fa%3E'>
                <synopSpec>
                    <line tab='0' content='%3Cspan+class%3D%22xdoc-kw1%22%3Econst%3C%2Fspan%3E+%3Cspan+class%3D%22xdoc-kw2%22%3EUInt16%3C%2Fspan%3E%26nbsp%3B%3Cgo%3E%3Cspan+class%3D%22xdoc-id%22%3EQUALITY_GA%3C%2Fspan%3E%3C%2Fgo%3E+%3D+3%3B'/>
                </synopSpec>
                <synopMeta>
                    <line tab='0' content='%3Cspan+class%3D%22xdoc-kw1%22%3Econst%3C%2Fspan%3E+%3Cgo%3EVersion.%3Cspan+class%3D%22xdoc-id%22%3EQUALITY_GA%3C%2Fspan%3E%3C%2Fgo%3E+%3D+3%3B'/>
                </synopMeta>
            </decl>
            <decl kind='const' name='QUALITY_PREALPHA' anchor='.Q.U.A.L.I.T.Y_.P.R.E.A.L.P.H.A' altext='ti.imglib.Version.QUALITY_PREALPHA' nodoc='0' external='1' overrides='0' readonly='0' instance='0' summary='' origin='%3Ca+class%3D%22xdoc-link%22+href%3D%22..%2F..%2Fti%2Fmas%2Fswtools%2FIVersion2.html%23.Q.U.A.L.I.T.Y_.P.R.E.A.L.P.H.A%22+title%3D%22ti.mas.swtools.IVersion2.QUALITY_PREALPHA%22%3EIVersion2%3C%2Fa%3E'>
                <synopSpec>
                    <line tab='0' content='%3Cspan+class%3D%22xdoc-kw1%22%3Econst%3C%2Fspan%3E+%3Cspan+class%3D%22xdoc-kw2%22%3EUInt16%3C%2Fspan%3E%26nbsp%3B%3Cgo%3E%3Cspan+class%3D%22xdoc-id%22%3EQUALITY_PREALPHA%3C%2Fspan%3E%3C%2Fgo%3E+%3D+0%3B'/>
                </synopSpec>
                <synopMeta>
                    <line tab='0' content='%3Cspan+class%3D%22xdoc-kw1%22%3Econst%3C%2Fspan%3E+%3Cgo%3EVersion.%3Cspan+class%3D%22xdoc-id%22%3EQUALITY_PREALPHA%3C%2Fspan%3E%3C%2Fgo%3E+%3D+0%3B'/>
                </synopMeta>
            </decl>
            <decl kind='const' name='WIDTH' anchor='.W.I.D.T.H' altext='ti.imglib.Version.WIDTH' nodoc='0' external='1' overrides='1' readonly='0' instance='0' summary='Minimum+width+of+print+fields' origin='%3Ca+class%3D%22xdoc-link%22+href%3D%22..%2F..%2Fti%2Fmas%2Fswtools%2FIVersion2.html%23.W.I.D.T.H%22+title%3D%22ti.mas.swtools.IVersion2.WIDTH%22%3EIVersion2%3C%2Fa%3E'>
                <synopSpec>
                    <line tab='0' content='%3Cspan+class%3D%22xdoc-kw1%22%3Eoverride+%3C%2Fspan%3E%3Cspan+class%3D%22xdoc-kw1%22%3Econst%3C%2Fspan%3E+%3Cspan+class%3D%22xdoc-kw2%22%3EUInt16%3C%2Fspan%3E%26nbsp%3B%3Cgo%3E%3Cspan+class%3D%22xdoc-id%22%3EWIDTH%3C%2Fspan%3E%3C%2Fgo%3E+%3D+0%3B'/>
                </synopSpec>
                <synopMeta>
                    <line tab='0' content='%3Cspan+class%3D%22xdoc-kw1%22%3Econst%3C%2Fspan%3E+%3Cgo%3EVersion.%3Cspan+class%3D%22xdoc-id%22%3EWIDTH%3C%2Fspan%3E%3C%2Fgo%3E+%3D+0%3B'/>
                </synopMeta>
                <docSect name='details'>
                    <docPara content='When+denoting+version+numbers+using+%27.%27+to+separate+fields+%0A++there+is+a+danger+of+confusing+version+%226.1%22+and+version+%226.10%22%3B+%0A++because%2C+in+decimal+notation+6.1+%3D%3D+6.10.++To+avoid+%0A++this+confusion%2C+it+is+common+practice+to+adopt+a+fixed+minimum+field+%0A++width+that%27s+when+printing+version+dimensions+%28other+than+MAJOR%29%3B+%0A++e.g.%2C+rather+than+printing+%226.1%22%2C+if+WIDTH+%3D%3D+2+then+the+version+would+%0A++be+displayed+as+%226.01%22.'/>
                </docSect>
            </decl>
            <decl spacer='1'/>
        </group>
        <group name='module-wide config parameters'>
            <decl spacer='1'/>
            <decl spacer='1'/>
            <decl spacer='1'/>
        </group>
        <group name='module-wide functions'>
            <decl spacer='1'/>
            <decl kind='fxn' name='getString' anchor='get.String' altext='ti.imglib.Version.getString' nodoc='0' external='1' overrides='0' readonly='0' instance='0' summary='Returns+a+string+representation+of+the+version' origin='%3Ca+class%3D%22xdoc-link%22+href%3D%22..%2F..%2Fti%2Fmas%2Fswtools%2FIVersion2.html%23get.String%22+title%3D%22ti.mas.swtools.IVersion2.getString%22%3EIVersion2%3C%2Fa%3E'>
                <synopSpec>
                    <line tab='0' content='%3Cgo%3E%3Cspan+class%3D%22xdoc-kw1%22%3Efunction+%3C%2Fspan%3E%3Cspan+class%3D%22xdoc-id%22%3EgetString%3C%2Fspan%3E%3C%2Fgo%3E%28+%3Cgo%3E%3Cspan+class%3D%22xdoc-id%22%3Eseparator%3C%2Fspan%3E%3C%2Fgo%3E+%29%3B'/>
                </synopSpec>
                <synopMeta>
                    <line tab='0' content='%3Cgo%3EVersion.%3Cspan+class%3D%22xdoc-id%22%3EgetString%3C%2Fspan%3E%3C%2Fgo%3E%28+%3Ci%3E%3Cspan+class%3D%22xdoc-kw2%22%3EAny%3C%2Fspan%3E%3C%2Fi%3E+%3Cgo%3E%3Cspan+class%3D%22xdoc-id%22%3Eseparator%3C%2Fspan%3E%3C%2Fgo%3E+%29+%3Ci%3Ereturns%3C%2Fi%3E+%3Ci%3E%3Cspan+class%3D%22xdoc-kw2%22%3EAny%3C%2Fspan%3E%3C%2Fi%3E'/>
                </synopMeta>
                <docSect name='details'>
                    <docPara content='This+method+return+a+string+of+the+form%3A'/>
                    <docPara content='%3CPRE+class%3D%22Example%22%3E++++++MAJOR%26lt%3Bsep%26gt%3BMINOR%26lt%3Bsep%26gt%3BPATCH+%0A%3C%2FPRE%3E'/>
                    <docPara content='where+%3Ctt%3EMAJOR%3C%2Ftt%3E%2C+%3Ctt%3EMINOR%3C%2Ftt%3E%2C+and+%3Ctt%3EPATCH%3C%2Ftt%3E+are+%0A++the+values+sepcified+in+this+interface+and+%3Ctt%3E%26lt%3Bsep%26gt%3B%3C%2Ftt%3E+is+the+%28optional%29+%0A++argument+to+this+method.++If+%3Ctt%3Eseparator%3C%2Ftt%3E+is+not+supplied+%28or+is+%0A++%3Ctt%3Enull%3C%2Ftt%3E%29%2C+%3Ctt%3E%26lt%3Bsep%26gt%3B%3C%2Ftt%3E+defaults+to+%3Ctt%3E%27.%27%3C%2Ftt%3E.'/>
                </docSect>
            </decl>
        </group>
    </unit>
</package>
