<?xml version="1.0" encoding="UTF-8"?>
<!--  This file conforms to the DTD xdc/bld/build.dtd -->
<package name="ti.imglib" version="1, 1, 0, 0" producerId="undefined">
    <units>
        <module name="Version"/>
    </units>
    <sources>
    </sources>
    <configurations>
    </configurations>
    <makefiles>
        <srcFile name="package.mak" src="package.bld"/>
        <srcFile name="package/package.xdc.dep" src="package.xdc"/>
        <srcFile name="package/package.cfg.dep" src="package.xdc"/>
        <srcFile name="package/rel/ti_imglib_src_c66x_3_1_1_0.zip.dep" src="package/rel/ti_imglib_src_c66x_3_1_1_0.xdc.inc"/>
    </makefiles>
    <targets>
    </targets>
    <libraries>
    </libraries>
    <executables>
    </executables>
    <tests>
    </tests>
    <releases relDir="package/rel/">
    <release name="ti_imglib_src_c66x_3_1_1_0"
        pname="ti_imglib_src_c66x_3_1_1_0.zip"
        label="default"
    >
        <file name="./src/IMG_yc_demux_be16_16/IMG_yc_demux_be16_16_odat.c"/>
        <file name="./src/IMG_yc_demux_le16_16/IMG_yc_demux_le16_16_idat.c"/>
        <file name="./src/IMG_corr_5x5_i16s_c16s//c66/IMG_corr_5x5_i16s_c16s.c"/>
        <file name="./src/IMG_yc_demux_be16_8//c66/IMG_yc_demux_be16_8.c"/>
        <file name="./src/IMG_corr_5x5_i16s_c16s//c66/IMG_corr_5x5_i16s_c16s.h"/>
        <file name="./src/IMG_conv_5x5_i8_c8s/IMG_conv_5x5_i8_c8s.h"/>
        <file name="./src/IMG_yc_demux_be16_8//c66/IMG_yc_demux_be16_8.h"/>
        <file name="./src/IMG_thr_gt2max_16/IMG_thr_gt2max_16.h"/>
        <file name="package.bld"/>
        <file name="./src/IMG_perimeter_8/IMG_perimeter_8_odat.c"/>
        <file name="./src/IMG_thr_gt2max_16/IMG_thr_gt2max_16_d.c"/>
        <file name="./src/IMG_dilate_bin/IMG_dilate_bin_odat.c"/>
        <file name="./src/IMG_erode_bin/IMG_erode_bin_idat.c"/>
        <file name="./src/IMG_sad_16x16/IMG_sad_16x16_d.c"/>
        <file name="./src/IMG_pix_expand/IMG_pix_expand_odat.c"/>
        <file name="./src/IMG_conv_7x7_i8_c16s/IMG_conv_7x7_i8_c16s_idat.c"/>
        <file name="./src/IMG_sobel_3x3_16s/IMG_sobel_3x3_16s_d.c"/>
        <file name="./src/IMG_thr_gt2thr_16/IMG_thr_gt2thr_16_cn.c"/>
        <file name="./src/IMG_thr_le2min_8//c66/IMG_thr_le2min_8.c"/>
        <file name="./src/IMG_thr_gt2thr_16/IMG_thr_gt2thr_16_cn.h"/>
        <file name="./src/IMG_thr_le2min_8//c66/IMG_thr_le2min_8.h"/>
        <file name="./src/IMG_conv_3x3_i16_c16s/IMG_conv_3x3_i16_c16s.h"/>
        <file name="./src/IMG_sad_8x8/IMG_sad_8x8.h"/>
        <file name="./src/IMG_median_3x3_16s/IMG_median_3x3_16s_cn.c"/>
        <file name="./src/IMG_sobel_3x3_16s/IMG_sobel_3x3_16s_odat.c"/>
        <file name="./src/IMG_thr_gt2max_16//c66/IMG_thr_gt2max_16.sa"/>
        <file name="./src/IMG_thr_gt2max_8/IMG_thr_gt2max_8_odat.c"/>
        <file name="./src/IMG_sobel_3x3_8/IMG_sobel_3x3_8_d.c"/>
        <file name="./src/IMG_errdif_bin_16/IMG_errdif_bin_16.h"/>
        <file name="./src/IMG_median_3x3_16s/IMG_median_3x3_16s_cn.h"/>
        <file name="./src/IMG_thr_le2min_16/IMG_thr_le2min_16_odat.c"/>
        <file name="./src/IMG_quantize/IMG_quantize_cn.c"/>
        <file name="./src/IMG_thr_le2min_8/IMG_thr_le2min_8_odat.c"/>
        <file name="./src/IMG_boundary_16s//c66/IMG_boundary_16s.c"/>
        <file name="./src/IMG_quantize/IMG_quantize_cn.h"/>
        <file name="./src/IMG_median_3x3_16s/IMG_median_3x3_16s.h"/>
        <file name="./src/IMG_thr_le2min_8/IMG_thr_le2min_8.h"/>
        <file name="./src/IMG_thr_le2min_8/IMG_thr_le2min_8_cn.c"/>
        <file name="./src/IMG_boundary_16s//c66/IMG_boundary_16s.h"/>
        <file name="./src/IMG_thr_le2min_8/IMG_thr_le2min_8_cn.h"/>
        <file name="./src/IMG_conv_5x5_i16s_c16s//c66/IMG_conv_5x5_i16s_c16s.c"/>
        <file name="./src/IMG_sobel_3x3_8/IMG_sobel_3x3_8.h"/>
        <file name="./src/IMG_conv_5x5_i16s_c16s//c66/IMG_conv_5x5_i16s_c16s.h"/>
        <file name="./src/IMG_sobel_5x5_16s//c66/IMG_sobel_5x5_16s.c"/>
        <file name="./src/IMG_wave_vert/IMG_wave_vert.h"/>
        <file name="./src/IMG_mad_8x8/IMG_mad_8x8.h"/>
        <file name="./src/IMG_corr_gen_iq//c66/IMG_corr_gen_iq.c"/>
        <file name="./src/IMG_sobel_5x5_16s//c66/IMG_sobel_5x5_16s.h"/>
        <file name="./src/IMG_fdct_8x8/IMG_fdct_8x8_odat.c"/>
        <file name="./src/IMG_conv_5x5_i8_c16s/IMG_conv_5x5_i8_c16s.h"/>
        <file name="./src/IMG_corr_gen_iq//c66/IMG_corr_gen_iq.h"/>
        <file name="./src/IMG_conv_5x5_i16s_c16s/IMG_conv_5x5_i16s_c16s_d.c"/>
        <file name="./src/IMG_yc_demux_be16_8/IMG_yc_demux_be16_8_odat.c"/>
        <file name="./src/IMG_conv_3x3_i8_c8s/IMG_conv_3x3_i8_c8s.h"/>
        <file name="./src/IMG_corr_3x3_i8_c8/IMG_corr_3x3_i8_c8_cn.c"/>
        <file name="./src/IMG_corr_3x3_i8_c16s/IMG_corr_3x3_i8_c16s_d.c"/>
        <file name="./src/IMG_conv_3x3_i16s_c16s/IMG_conv_3x3_i16s_c16s_idat.c"/>
        <file name="./src/IMG_corr_3x3_i8_c8/IMG_corr_3x3_i8_c8_cn.h"/>
        <file name="./src/IMG_median_3x3_16/IMG_median_3x3_16_d.c"/>
        <file name="./src/IMG_thr_gt2thr_8/IMG_thr_gt2thr_8_d.c"/>
        <file name="./src/IMG_wave_horz/IMG_wave_horz.h"/>
        <file name="package/package.xdc.inc"/>
        <file name="./src/IMG_boundary_16s/IMG_boundary_16s.h"/>
        <file name="./src/IMG_conv_7x7_i8_c16s//c66/IMG_conv_7x7_i8_c16s.c"/>
        <file name="./src/IMG_conv_7x7_i8_c8s/IMG_conv_7x7_i8_c8s_cn.c"/>
        <file name="./src/IMG_quantize/IMG_quantize_d.c"/>
        <file name="./src/IMG_thr_gt2thr_16//c66/IMG_thr_gt2thr_16.sa"/>
        <file name="./src/IMG_yc_demux_le16_16//c66/IMG_yc_demux_le16_16.sa"/>
        <file name="./src/IMG_yc_demux_le16_8/IMG_yc_demux_le16_8.h"/>
        <file name="./src/IMG_pix_sat/IMG_pix_sat_idat.c"/>
        <file name="./src/IMG_conv_7x7_i8_c16s//c66/IMG_conv_7x7_i8_c16s.h"/>
        <file name="./src/IMG_conv_7x7_i8_c8s/IMG_conv_7x7_i8_c8s_cn.h"/>
        <file name="./src/IMG_sobel_3x3_16s/IMG_sobel_3x3_16s_cn.c"/>
        <file name="./src/IMG_conv_5x5_i16s_c16s/IMG_conv_5x5_i16s_c16s_odat.c"/>
        <file name="./src/IMG_corr_gen_iq/IMG_corr_gen_iq.h"/>
        <file name="./src/IMG_corr_gen_i16s_c16s/IMG_corr_gen_i16s_c16s_cn.c"/>
        <file name="./src/IMG_sobel_3x3_16s/IMG_sobel_3x3_16s_cn.h"/>
        <file name="./src/IMG_wave_vert//c66/IMG_wave_vert.sa"/>
        <file name="./src/IMG_corr_gen_i16s_c16s/IMG_corr_gen_i16s_c16s_cn.h"/>
        <file name="./src/IMG_corr_3x3_i16s_c16s/IMG_corr_3x3_i16s_c16s_idat.c"/>
        <file name="./src/IMG_yc_demux_be16_16/IMG_yc_demux_be16_16_idat.c"/>
        <file name="./src/IMG_idct_8x8_12q4//c66/IMG_idct_8x8_12q4.h"/>
        <file name="./src/IMG_median_3x3_16s//c66/IMG_median_3x3_16s.c"/>
        <file name="./src/IMG_pix_expand/IMG_pix_expand_cn.c"/>
        <file name="Makedocs.mk"/>
        <file name="./src/IMG_conv_3x3_i16s_c16s/IMG_conv_3x3_i16s_c16s_d.c"/>
        <file name="package/package.rel.dot"/>
        <file name="./src/IMG_sobel_3x3_8/IMG_sobel_3x3_8_odat.c"/>
        <file name="./src/IMG_median_3x3_16s//c66/IMG_median_3x3_16s.h"/>
        <file name="./src/IMG_pix_expand/IMG_pix_expand_cn.h"/>
        <file name="./src/IMG_perimeter_8/IMG_perimeter_8_idat.c"/>
        <file name="./src/IMG_idct_8x8_12q4//c66/IMG_idct_8x8_12q4.s"/>
        <file name="./src/IMG_thr_gt2max_8//c66/IMG_thr_gt2max_8.c"/>
        <file name="./src/IMG_conv_3x3_i16_c16s//c66/IMG_conv_3x3_i16_c16s.sa"/>
        <file name="./src/IMG_dilate_bin/IMG_dilate_bin_idat.c"/>
        <file name="./src/IMG_pix_expand/IMG_pix_expand_idat.c"/>
        <file name="./src/IMG_thr_gt2max_8//c66/IMG_thr_gt2max_8.h"/>
        <file name="./src/IMG_thr_le2thr_16/IMG_thr_le2thr_16.h"/>
        <file name="./src/IMG_histogram_16/IMG_histogram_16_odat.c"/>
        <file name="./src/IMG_conv_7x7_i8_c16s/IMG_conv_7x7_i8_c16s.h"/>
        <file name="./src/IMG_erode_bin/IMG_erode_bin_cn.c"/>
        <file name="./src/IMG_sad_16x16/IMG_sad_16x16.h"/>
        <file name="./src/IMG_sobel_3x3_16s/IMG_sobel_3x3_16s_idat.c"/>
        <file name="./src/IMG_fdct_8x8/IMG_fdct_8x8.h"/>
        <file name="./src/IMG_sobel_3x3_16/IMG_sobel_3x3_16_odat.c"/>
        <file name="./src/IMG_thr_gt2max_8/IMG_thr_gt2max_8_idat.c"/>
        <file name="./src/IMG_erode_bin/IMG_erode_bin_cn.h"/>
        <file name="./src/IMG_thr_le2min_16/IMG_thr_le2min_16_idat.c"/>
        <file name="./src/IMG_errdif_bin_8//c66/IMG_errdif_bin_8.c"/>
        <file name="./src/IMG_thr_le2min_8/IMG_thr_le2min_8_d.c"/>
        <file name="./src/IMG_median_3x3_8/IMG_median_3x3_8_cn.c"/>
        <file name="./src/IMG_errdif_bin_8//c66/IMG_errdif_bin_8.h"/>
        <file name="./src/IMG_corr_gen_iq/IMG_corr_gen_iq_cn.c"/>
        <file name="./src/IMG_perimeter_16/IMG_perimeter_16.h"/>
        <file name="./src/IMG_perimeter_16/IMG_perimeter_16_cn.c"/>
        <file name="./src/IMG_median_3x3_8/IMG_median_3x3_8_cn.h"/>
        <file name="./src/IMG_corr_gen_iq/IMG_corr_gen_iq_cn.h"/>
        <file name="./src/IMG_perimeter_16/IMG_perimeter_16_cn.h"/>
        <file name="./src/IMG_ycbcr422pl_to_rgb565/IMG_ycbcr422pl_to_rgb565_odat.c"/>
        <file name="./src/IMG_conv_7x7_i16s_c16s//c66/IMG_conv_7x7_i16s_c16s.c"/>
        <file name="./src/IMG_median_3x3_8/IMG_median_3x3_8_d.c"/>
        <file name="./src/IMG_conv_7x7_i16s_c16s//c66/IMG_conv_7x7_i16s_c16s.h"/>
        <file name="./src/IMG_sobel_3x3_16//c66/IMG_sobel_3x3_16.h"/>
        <file name="./src/IMG_fdct_8x8/IMG_fdct_8x8_idat.c"/>
        <file name="./src/IMG_thr_gt2thr_8/IMG_thr_gt2thr_8_odat.c"/>
        <file name="./src/IMG_clipping_16s/IMG_clipping_16s_cn.c"/>
        <file name="./src/IMG_conv_11x11_i16s_c16s/IMG_conv_11x11_i16s_c16s_cn.c"/>
        <file name="./src/IMG_corr_3x3_i16s_c16s/IMG_corr_3x3_i16s_c16s.h"/>
        <file name="./src/IMG_thr_gt2max_16/IMG_thr_gt2max_16_odat.c"/>
        <file name="./src/IMG_yc_demux_be16_8/IMG_yc_demux_be16_8_idat.c"/>
        <file name="./src/IMG_erode_bin/IMG_erode_bin.h"/>
        <file name="./src/IMG_clipping_16s/IMG_clipping_16s_cn.h"/>
        <file name="./src/IMG_conv_11x11_i16s_c16s/IMG_conv_11x11_i16s_c16s_cn.h"/>
        <file name="./src/IMG_mad_8x8/IMG_mad_8x8_cn.c"/>
        <file name="./src/IMG_errdif_bin_16//c66/IMG_errdif_bin_16.sa"/>
        <file name="./src/IMG_median_3x3_16/IMG_median_3x3_16_cn.c"/>
        <file name="./src/IMG_thr_gt2thr_8/IMG_thr_gt2thr_8_cn.c"/>
        <file name="./src/IMG_mad_8x8/IMG_mad_8x8_cn.h"/>
        <file name="./src/IMG_median_3x3_16/IMG_median_3x3_16_cn.h"/>
        <file name="./src/IMG_thr_gt2thr_8/IMG_thr_gt2thr_8_cn.h"/>
        <file name="./src/IMG_boundary_8/IMG_boundary_8.h"/>
        <file name="./src/IMG_conv_5x5_i8_c8s/IMG_conv_5x5_i8_c8s_d.c"/>
        <file name="./src/IMG_boundary_16s/IMG_boundary_16s_d.c"/>
        <file name="./src/IMG_sobel_7x7_16s/IMG_sobel_7x7_16s_odat.c"/>
        <file name="./src/IMG_errdif_bin_16//c66/IMG_errdif_bin_16.h"/>
        <file name="./src/IMG_pix_sat/IMG_pix_sat_d.c"/>
        <file name="./src/IMG_conv_5x5_i16s_c16s/IMG_conv_5x5_i16s_c16s_idat.c"/>
        <file name="./src/IMG_thr_le2thr_16/IMG_thr_le2thr_16_cn.c"/>
        <file name="./src/IMG_thr_le2thr_16/IMG_thr_le2thr_16_cn.h"/>
        <file name="./src/IMG_corr_3x3_i16s_c16s/IMG_corr_3x3_i16s_c16s_cn.c"/>
        <file name="./src/IMG_corr_3x3_i16s_c16s/IMG_corr_3x3_i16s_c16s_cn.h"/>
        <file name="./src/IMG_yc_demux_be16_16//c66/IMG_yc_demux_be16_16.h"/>
        <file name="./src/IMG_conv_7x7_i8_c16s/IMG_conv_7x7_i8_c16s_d.c"/>
        <file name="./src/IMG_conv_3x3_i16s_c16s/IMG_conv_3x3_i16s_c16s_cn.c"/>
        <file name="./src/IMG_histogram_16/IMG_histogram_16.h"/>
        <file name="./src/IMG_sobel_3x3_8/IMG_sobel_3x3_8_idat.c"/>
        <file name="./src/IMG_thr_le2thr_8/IMG_thr_le2thr_8_idat.c"/>
        <file name="./src/IMG_fdct_8x8/IMG_fdct_8x8_cn.c"/>
        <file name="./src/IMG_conv_3x3_i16s_c16s/IMG_conv_3x3_i16s_c16s_cn.h"/>
        <file name="./src/IMG_thr_gt2max_8/IMG_thr_gt2max_8_d.c"/>
        <file name="./src/IMG_fdct_8x8/IMG_fdct_8x8_cn.h"/>
        <file name="./src/IMG_sobel_3x3_8//c66/IMG_sobel_3x3_8.c"/>
        <file name="./src/IMG_conv_7x7_i8_c16s/IMG_conv_7x7_i8_c16s_cn.c"/>
        <file name="./src/IMG_sobel_3x3_8//c66/IMG_sobel_3x3_8.h"/>
        <file name="./src/IMG_conv_7x7_i8_c16s/IMG_conv_7x7_i8_c16s_cn.h"/>
        <file name="./src/IMG_histogram_16/IMG_histogram_16_idat.c"/>
        <file name="./src/IMG_corr_11x11_i8_c16s//c66/IMG_corr_11x11_i8_c16s.c"/>
        <file name="./src/IMG_conv_11x11_i8_c8s/IMG_conv_11x11_i8_c8s_cn.c"/>
        <file name="./src/IMG_clipping_16s/IMG_clipping_16s.h"/>
        <file name="./src/IMG_thr_le2thr_8//c66/IMG_thr_le2thr_8.c"/>
        <file name="./src/IMG_median_3x3_16/IMG_median_3x3_16.h"/>
        <file name="./src/IMG_corr_11x11_i8_c16s//c66/IMG_corr_11x11_i8_c16s.h"/>
        <file name="./src/IMG_sobel_3x3_16/IMG_sobel_3x3_16_idat.c"/>
        <file name="./src/IMG_conv_11x11_i8_c8s/IMG_conv_11x11_i8_c8s_cn.h"/>
        <file name="./src/IMG_yc_demux_le16_16/IMG_yc_demux_le16_16_cn.c"/>
        <file name="./src/IMG_thr_le2thr_8//c66/IMG_thr_le2thr_8.h"/>
        <file name="./src/IMG_corr_11x11_i16s_c16s//c66/IMG_corr_11x11_i16s_c16s.c"/>
        <file name="./src/IMG_mad_16x16//c66/IMG_mad_16x16.h"/>
        <file name="./src/IMG_yc_demux_le16_16/IMG_yc_demux_le16_16_cn.h"/>
        <file name="./src/IMG_corr_11x11_i16s_c16s//c66/IMG_corr_11x11_i16s_c16s.h"/>
        <file name="docs/manifest/Software_Manifest.html"/>
        <file name="./src/IMG_conv_5x5_i8_c8s//c66/IMG_conv_5x5_i8_c8s.c"/>
        <file name="./src/IMG_mad_16x16//c66/IMG_mad_16x16.s"/>
        <file name="./src/IMG_conv_5x5_i8_c8s//c66/IMG_conv_5x5_i8_c8s.h"/>
        <file name="./src/IMG_sobel_5x5_16s/IMG_sobel_5x5_16s_cn.c"/>
        <file name="./src/IMG_ycbcr422pl_to_rgb565/IMG_ycbcr422pl_to_rgb565_idat.c"/>
        <file name="./src/IMG_sobel_5x5_16s/IMG_sobel_5x5_16s_cn.h"/>
        <file name="imglib_3_1_1_0_release_notes.html"/>
        <file name="./src/IMG_yc_demux_le16_16/IMG_yc_demux_le16_16_d.c"/>
        <file name="./src/IMG_clipping_16s//c66/IMG_clipping_16s.c"/>
        <file name="./src/IMG_corr_3x3_i8_c8//c66/IMG_corr_3x3_i8_c8.c"/>
        <file name="./src/IMG_clipping_16s//c66/IMG_clipping_16s.h"/>
        <file name="./src/IMG_corr_3x3_i8_c8//c66/IMG_corr_3x3_i8_c8.h"/>
        <file name="./src/IMG_yc_demux_be16_8/IMG_yc_demux_be16_8_d.c"/>
        <file name="./src/IMG_conv_3x3_i8_c8s/IMG_conv_3x3_i8_c8s_cn.c"/>
        <file name="./src/IMG_thr_gt2thr_8/IMG_thr_gt2thr_8_idat.c"/>
        <file name="./src/IMG_conv_3x3_i16_c16s/IMG_conv_3x3_i16_c16s_cn.c"/>
        <file name="./src/IMG_conv_3x3_i8_c8s/IMG_conv_3x3_i8_c8s_cn.h"/>
        <file name="./src/IMG_boundary_8//c66/IMG_boundary_8.c"/>
        <file name="./src/IMG_thr_gt2max_16/IMG_thr_gt2max_16_idat.c"/>
        <file name="./src/IMG_idct_8x8_12q4/IMG_idct_8x8_12q4_odat.c"/>
        <file name="./src/IMG_conv_3x3_i16_c16s/IMG_conv_3x3_i16_c16s_cn.h"/>
        <file name="./src/IMG_perimeter_8//c66/IMG_perimeter_8.c"/>
        <file name="./src/IMG_boundary_8//c66/IMG_boundary_8.h"/>
        <file name="./src/IMG_perimeter_8//c66/IMG_perimeter_8.h"/>
        <file name="./src/common/IMG_memory.c"/>
        <file name="./src/IMG_sobel_7x7_16s/IMG_sobel_7x7_16s_idat.c"/>
        <file name="./src/IMG_corr_gen_i16s_c16s/IMG_corr_gen_i16s_c16s.h"/>
        <file name="./src/IMG_conv_5x5_i8_c16s/IMG_conv_5x5_i8_c16s_d.c"/>
        <file name="./src/IMG_pix_expand/IMG_pix_expand_d.c"/>
        <file name="./src/IMG_yc_demux_be16_8/IMG_yc_demux_be16_8.h"/>
        <file name="./src/common/IMG_memory.h"/>
        <file name="./src/IMG_thr_le2min_16//c66/IMG_thr_le2min_16.sa"/>
        <file name="./src/IMG_corr_5x5_i16s_c16s/IMG_corr_5x5_i16s_c16s_cn.c"/>
        <file name="./src/IMG_histogram_8/IMG_histogram_8_odat.c"/>
        <file name="./src/common//c66/lnk.cmd"/>
        <file name="./src/IMG_median_3x3_16//c66/IMG_median_3x3_16.h"/>
        <file name="./src/IMG_sobel_3x3_8/IMG_sobel_3x3_8_cn.c"/>
        <file name="./src/IMG_corr_5x5_i16s_c16s/IMG_corr_5x5_i16s_c16s_cn.h"/>
        <file name="./src/IMG_errdif_bin_16/IMG_errdif_bin_16_cn.c"/>
        <file name="./src/IMG_conv_11x11_i8_c8s//c66/IMG_conv_11x11_i8_c8s.c"/>
        <file name="./src/IMG_conv_5x5_i16s_c16s/IMG_conv_5x5_i16s_c16s_cn.c"/>
        <file name="./src/IMG_conv_3x3_i16_c16s/IMG_conv_3x3_i16_c16s_odat.c"/>
        <file name="./src/IMG_corr_5x5_i16s_c16s/IMG_corr_5x5_i16s_c16s_odat.c"/>
        <file name="./src/IMG_sobel_3x3_8/IMG_sobel_3x3_8_cn.h"/>
        <file name="./src/IMG_errdif_bin_16/IMG_errdif_bin_16_cn.h"/>
        <file name="./src/IMG_conv_11x11_i8_c8s//c66/IMG_conv_11x11_i8_c8s.h"/>
        <file name="./src/IMG_conv_5x5_i16s_c16s/IMG_conv_5x5_i16s_c16s_cn.h"/>
        <file name="./src/IMG_corr_3x3_i8_c8/IMG_corr_3x3_i8_c8_odat.c"/>
        <file name="./src/IMG_yc_demux_le16_16/IMG_yc_demux_le16_16.h"/>
        <file name="./src/IMG_corr_3x3_i8_c16s/IMG_corr_3x3_i8_c16s_odat.c"/>
        <file name="./src/IMG_corr_5x5_i16s_c16s/IMG_corr_5x5_i16s_c16s.h"/>
        <file name="./src/IMG_thr_le2min_16/IMG_thr_le2min_16_cn.c"/>
        <file name="./src/IMG_corr_3x3_i16_c16/IMG_corr_3x3_i16_c16_odat.c"/>
        <file name="./src/IMG_conv_11x11_i16s_c16s/IMG_conv_11x11_i16s_c16s.h"/>
        <file name="./src/IMG_mad_16x16/IMG_mad_16x16_cn.c"/>
        <file name="./src/IMG_median_3x3_16//c66/IMG_median_3x3_16.sa"/>
        <file name="./src/IMG_sobel_3x3_16/IMG_sobel_3x3_16_cn.c"/>
        <file name="./src/IMG_thr_le2min_16/IMG_thr_le2min_16_cn.h"/>
        <file name="makefile"/>
        <file name="./src/IMG_wave_horz//c66/IMG_wave_horz.sa"/>
        <file name="./src/IMG_dilate_bin/IMG_dilate_bin.h"/>
        <file name="./src/IMG_mad_16x16/IMG_mad_16x16_cn.h"/>
        <file name="./src/IMG_sobel_3x3_16/IMG_sobel_3x3_16_cn.h"/>
        <file name="./src/IMG_corr_11x11_i8_c16s/IMG_corr_11x11_i8_c16s_d.c"/>
        <file name="./package/projects"/>
        <file name="./src/IMG_errdif_bin_16/IMG_errdif_bin_16_d.c"/>
        <file name="./src/IMG_conv_7x7_i8_c8s/IMG_conv_7x7_i8_c8s_odat.c"/>
        <file name="./src/IMG_yc_demux_be16_16/IMG_yc_demux_be16_16_cn.c"/>
        <file name="./src/IMG_sad_16x16//c66/IMG_sad_16x16.h"/>
        <file name="./src/IMG_histogram_16/IMG_histogram_16_d.c"/>
        <file name="./src/IMG_fdct_8x8//c66/IMG_fdct_8x8.h"/>
        <file name="./src/IMG_corr_11x11_i8_c16s/IMG_corr_11x11_i8_c16s_cn.c"/>
        <file name="./src/IMG_thr_le2min_8/IMG_thr_le2min_8_idat.c"/>
        <file name="./src/IMG_yc_demux_be16_16/IMG_yc_demux_be16_16_cn.h"/>
        <file name="./src/IMG_histogram_16//c66/IMG_histogram_16.c"/>
        <file name="./src/IMG_histogram_8/IMG_histogram_8_cn.c"/>
        <file name="./src/IMG_corr_11x11_i8_c16s/IMG_corr_11x11_i8_c16s_cn.h"/>
        <file name="./src/IMG_clipping_16s/IMG_clipping_16s_odat.c"/>
        <file name="./src/IMG_corr_3x3_i8_c8/IMG_corr_3x3_i8_c8_d.c"/>
        <file name="./src/IMG_perimeter_8/IMG_perimeter_8_d.c"/>
        <file name="./src/IMG_quantize/IMG_quantize.h"/>
        <file name="./src/IMG_sad_16x16//c66/IMG_sad_16x16.s"/>
        <file name="./src/IMG_median_3x3_16s/IMG_median_3x3_16s_d.c"/>
        <file name="./src/IMG_mad_8x8//c66/IMG_mad_8x8.h"/>
        <file name="./src/IMG_histogram_16//c66/IMG_histogram_16.h"/>
        <file name="./src/IMG_corr_11x11_i16s_c16s/IMG_corr_11x11_i16s_c16s_d.c"/>
        <file name="./src/IMG_histogram_8/IMG_histogram_8_cn.h"/>
        <file name="./src/IMG_fdct_8x8//c66/IMG_fdct_8x8.s"/>
        <file name="./src/IMG_thr_le2thr_8/IMG_thr_le2thr_8.h"/>
        <file name="package/package.cfg.xdc.inc"/>
        <file name="./src/IMG_conv_5x5_i8_c8s/IMG_conv_5x5_i8_c8s_odat.c"/>
        <file name="./src/IMG_errdif_bin_8/IMG_errdif_bin_8_cn.c"/>
        <file name="./src/IMG_conv_5x5_i16s_c16s/IMG_conv_5x5_i16s_c16s.h"/>
        <file name="./src/IMG_dilate_bin//c66/IMG_dilate_bin.c"/>
        <file name="./src/IMG_dilate_bin/IMG_dilate_bin_d.c"/>
        <file name="./src/IMG_conv_11x11_i8_c8s/IMG_conv_11x11_i8_c8s_odat.c"/>
        <file name="./src/IMG_yc_demux_le16_8/IMG_yc_demux_le16_8_d.c"/>
        <file name="./src/IMG_sobel_7x7_16s/IMG_sobel_7x7_16s_d.c"/>
        <file name="./src/IMG_errdif_bin_8/IMG_errdif_bin_8_cn.h"/>
        <file name="./src/IMG_mad_8x8//c66/IMG_mad_8x8.s"/>
        <file name="./src/IMG_dilate_bin//c66/IMG_dilate_bin.h"/>
        <file name="./src/IMG_thr_le2thr_16//c66/IMG_thr_le2thr_16.sa"/>
        <file name="./src/IMG_corr_3x3_i8_c16s//c66/IMG_corr_3x3_i8_c16s.c"/>
        <file name="./src/IMG_corr_11x11_i8_c16s/IMG_corr_11x11_i8_c16s_odat.c"/>
        <file name="./src/IMG_corr_gen_iq/IMG_corr_gen_iq_odat.c"/>
        <file name="./src/IMG_corr_3x3_i8_c16s//c66/IMG_corr_3x3_i8_c16s.h"/>
        <file name="./src/IMG_conv_3x3_i8_c8s/IMG_conv_3x3_i8_c8s_odat.c"/>
        <file name="./src/IMG_perimeter_8/IMG_perimeter_8_cn.c"/>
        <file name="./src/IMG_idct_8x8_12q4/IMG_idct_8x8_12q4_idat.c"/>
        <file name="./src/IMG_perimeter_8/IMG_perimeter_8_cn.h"/>
        <file name="./src/IMG_sobel_3x3_16s//c66/IMG_sobel_3x3_16s.c"/>
        <file name="./src/IMG_sobel_3x3_16s//c66/IMG_sobel_3x3_16s.h"/>
        <file name="./src/IMG_conv_3x3_i8_c8s/IMG_conv_3x3_i8_c8s_d.c"/>
        <file name="docs/bundle/manifest/doxyfile.xdt"/>
        <file name="./src/IMG_perimeter_16//c66/IMG_perimeter_16.c"/>
        <file name="./src/IMG_perimeter_8/IMG_perimeter_8.h"/>
        <file name="./src/IMG_perimeter_16//c66/IMG_perimeter_16.h"/>
        <file name="./src/IMG_pix_sat/IMG_pix_sat_cn.c"/>
        <file name="./src/IMG_conv_3x3_i16_c16s/IMG_conv_3x3_i16_c16s_d.c"/>
        <file name="./src/IMG_pix_sat/IMG_pix_sat_cn.h"/>
        <file name="./src/IMG_median_3x3_16/IMG_median_3x3_16_odat.c"/>
        <file name="./src/IMG_wave_horz//c66/IMG_wave_horz.h"/>
        <file name="./src/IMG_conv_5x5_i8_c16s/IMG_conv_5x5_i8_c16s_cn.c"/>
        <file name="./src/IMG_conv_11x11_i16s_c16s/IMG_conv_11x11_i16s_c16s_odat.c"/>
        <file name="./src/IMG_conv_5x5_i8_c16s/IMG_conv_5x5_i8_c16s_cn.h"/>
        <file name="./src/IMG_ycbcr422pl_to_rgb565/IMG_ycbcr422pl_to_rgb565.h"/>
        <file name="./src/IMG_corr_gen_i16s_c16s//c66/IMG_corr_gen_i16s_c16s.c"/>
        <file name="./src/IMG_sobel_7x7_16s/IMG_sobel_7x7_16s_cn.c"/>
        <file name="./src/IMG_conv_7x7_i16s_c16s/IMG_conv_7x7_i16s_c16s_odat.c"/>
        <file name="./src/IMG_histogram_8/IMG_histogram_8_idat.c"/>
        <file name="./src/IMG_sobel_7x7_16s//c66/IMG_sobel_7x7_16s.c"/>
        <file name="./src/IMG_conv_5x5_i8_c16s/IMG_conv_5x5_i8_c16s_odat.c"/>
        <file name="./src/IMG_conv_3x3_i16s_c16s/IMG_conv_3x3_i16s_c16s.h"/>
        <file name="./src/IMG_conv_3x3_i16_c16s//c66/IMG_conv_3x3_i16_c16s.h"/>
        <file name="./src/IMG_corr_gen_i16s_c16s//c66/IMG_corr_gen_i16s_c16s.h"/>
        <file name="./src/IMG_sobel_7x7_16s/IMG_sobel_7x7_16s_cn.h"/>
        <file name="./src/IMG_sobel_7x7_16s//c66/IMG_sobel_7x7_16s.h"/>
        <file name="./src/IMG_thr_gt2thr_16/IMG_thr_gt2thr_16_d.c"/>
        <file name="./src/IMG_conv_3x3_i16_c16s/IMG_conv_3x3_i16_c16s_idat.c"/>
        <file name="./src/IMG_corr_5x5_i16s_c16s/IMG_corr_5x5_i16s_c16s_idat.c"/>
        <file name="./src/IMG_corr_3x3_i8_c8/IMG_corr_3x3_i8_c8_idat.c"/>
        <file name="./src/IMG_fdct_8x8/IMG_fdct_8x8_d.c"/>
        <file name="package/package.ext.xml"/>
        <file name="./src/IMG_thr_le2thr_16//c66/IMG_thr_le2thr_16.h"/>
        <file name="./src/IMG_conv_3x3_i16s_c16s//c66/IMG_conv_3x3_i16s_c16s.c"/>
        <file name="./src/IMG_conv_7x7_i16s_c16s/IMG_conv_7x7_i16s_c16s_cn.c"/>
        <file name="./src/IMG_corr_3x3_i8_c16s/IMG_corr_3x3_i8_c16s_idat.c"/>
        <file name="./src/IMG_corr_3x3_i16_c16/IMG_corr_3x3_i16_c16_idat.c"/>
        <file name="./src/IMG_conv_3x3_i16s_c16s//c66/IMG_conv_3x3_i16s_c16s.h"/>
        <file name="./src/IMG_conv_7x7_i16s_c16s/IMG_conv_7x7_i16s_c16s_cn.h"/>
        <file name="./src/IMG_thr_gt2thr_16//c66/IMG_thr_gt2thr_16.h"/>
        <file name="./src/IMG_quantize//c66/IMG_quantize.h"/>
        <file name="./src/IMG_corr_5x5_i16s_c16s/IMG_corr_5x5_i16s_c16s_d.c"/>
        <file name="./src/IMG_corr_3x3_i8_c16s/IMG_corr_3x3_i8_c16s.h"/>
        <file name="./src/IMG_corr_11x11_i8_c16s/IMG_corr_11x11_i8_c16s.h"/>
        <file name="./src/IMG_quantize//c66/IMG_quantize.s"/>
        <file name="./src/IMG_median_3x3_16s/IMG_median_3x3_16s_odat.c"/>
        <file name="./src/IMG_sobel_5x5_16s/IMG_sobel_5x5_16s_odat.c"/>
        <file name="./src/IMG_thr_gt2thr_8//c66/IMG_thr_gt2thr_8.c"/>
        <file name="./src/IMG_conv_3x3_i16s_c16s/IMG_conv_3x3_i16s_c16s_odat.c"/>
        <file name="./src/IMG_clipping_16s/IMG_clipping_16s_idat.c"/>
        <file name="./src/IMG_ycbcr422pl_to_rgb565/IMG_ycbcr422pl_to_rgb565_cn.c"/>
        <file name="./src/IMG_thr_gt2thr_8//c66/IMG_thr_gt2thr_8.h"/>
        <file name="./src/IMG_conv_3x3_i8_c8s//c66/IMG_conv_3x3_i8_c8s.c"/>
        <file name="./src/IMG_idct_8x8_12q4/IMG_idct_8x8_12q4_cn.c"/>
        <file name="./src/IMG_ycbcr422pl_to_rgb565/IMG_ycbcr422pl_to_rgb565_cn.h"/>
        <file name="./src/IMG_corr_3x3_i16_c16/IMG_corr_3x3_i16_c16_cn.c"/>
        <file name="./src/IMG_conv_5x5_i8_c8s/IMG_conv_5x5_i8_c8s_idat.c"/>
        <file name="./src/IMG_conv_3x3_i8_c8s//c66/IMG_conv_3x3_i8_c8s.h"/>
        <file name="./src/IMG_idct_8x8_12q4/IMG_idct_8x8_12q4_cn.h"/>
        <file name="./src/IMG_mad_8x8/IMG_mad_8x8_d.c"/>
        <file name="./src/IMG_thr_gt2thr_16/IMG_thr_gt2thr_16_odat.c"/>
        <file name="./src/IMG_clipping_16s/IMG_clipping_16s_d.c"/>
        <file name="./src/IMG_corr_3x3_i16_c16/IMG_corr_3x3_i16_c16_cn.h"/>
        <file name="./src/IMG_corr_11x11_i16s_c16s/IMG_corr_11x11_i16s_c16s.h"/>
        <file name="./src/IMG_yc_demux_be16_8/IMG_yc_demux_be16_8_cn.c"/>
        <file name="./src/IMG_corr_11x11_i8_c16s/IMG_corr_11x11_i8_c16s_idat.c"/>
        <file name="./src/IMG_yc_demux_be16_8/IMG_yc_demux_be16_8_cn.h"/>
        <file name="./src/IMG_median_3x3_8/IMG_median_3x3_8_odat.c"/>
        <file name="./src/IMG_wave_horz/IMG_wave_horz_d.c"/>
        <file name="./src/IMG_corr_3x3_i16_c16//c66/IMG_corr_3x3_i16_c16.h"/>
        <file name="./src/IMG_corr_gen_iq/IMG_corr_gen_iq_idat.c"/>
        <file name="./src/IMG_corr_3x3_i16_c16/IMG_corr_3x3_i16_c16.h"/>
        <file name="./src/IMG_conv_3x3_i8_c8s/IMG_conv_3x3_i8_c8s_idat.c"/>
        <file name="./src/IMG_sobel_3x3_16s/IMG_sobel_3x3_16s.h"/>
        <file name="./src/IMG_histogram_16/IMG_histogram_16_cn.c"/>
        <file name="./src/IMG_corr_11x11_i16s_c16s/IMG_corr_11x11_i16s_c16s_cn.c"/>
        <file name="./src/IMG_histogram_16/IMG_histogram_16_cn.h"/>
        <file name="./src/IMG_corr_11x11_i16s_c16s/IMG_corr_11x11_i16s_c16s_cn.h"/>
        <file name="./src/IMG_sobel_3x3_16/IMG_sobel_3x3_16_d.c"/>
        <file name="./src/IMG_corr_gen_iq/IMG_corr_gen_iq_d.c"/>
        <file name="./src/IMG_median_3x3_8/IMG_median_3x3_8.h"/>
        <file name="./src/IMG_conv_11x11_i8_c8s/IMG_conv_11x11_i8_c8s.h"/>
        <file name="./src/IMG_wave_vert//c66/IMG_wave_vert.h"/>
        <file name="./src/common/IMG_utility.c"/>
        <file name="./src/IMG_mad_16x16/IMG_mad_16x16.h"/>
        <file name="./src/IMG_thr_gt2max_8/IMG_thr_gt2max_8_cn.c"/>
        <file name="./src/IMG_median_3x3_16/IMG_median_3x3_16_idat.c"/>
        <file name="./src/IMG_pix_expand/IMG_pix_expand.h"/>
        <file name="./src/common/IMG_utility.h"/>
        <file name="./src/IMG_sad_8x8/IMG_sad_8x8_cn.c"/>
        <file name="./src/IMG_yc_demux_be16_16//c66/IMG_yc_demux_be16_16.sa"/>
        <file name="./src/IMG_thr_gt2max_8/IMG_thr_gt2max_8_cn.h"/>
        <file name="./src/IMG_corr_3x3_i16_c16/IMG_corr_3x3_i16_c16_d.c"/>
        <file name="./src/IMG_conv_11x11_i16s_c16s/IMG_conv_11x11_i16s_c16s_idat.c"/>
        <file name="./src/IMG_boundary_16s/IMG_boundary_16s_odat.c"/>
        <file name="./src/IMG_sad_8x8/IMG_sad_8x8_cn.h"/>
        <file name="./src/IMG_conv_11x11_i8_c8s/IMG_conv_11x11_i8_c8s_d.c"/>
        <file name="./src/IMG_histogram_8/IMG_histogram_8_d.c"/>
        <file name="./src/IMG_conv_7x7_i8_c8s//c66/IMG_conv_7x7_i8_c8s.c"/>
        <file name="./src/IMG_conv_7x7_i16s_c16s/IMG_conv_7x7_i16s_c16s_d.c"/>
        <file name="./src/common/IMG_profile.c"/>
        <file name="./src/IMG_conv_7x7_i16s_c16s/IMG_conv_7x7_i16s_c16s_idat.c"/>
        <file name="./src/IMG_conv_7x7_i8_c8s//c66/IMG_conv_7x7_i8_c8s.h"/>
        <file name="./src/IMG_conv_5x5_i8_c16s/IMG_conv_5x5_i8_c16s_idat.c"/>
        <file name="./src/common/IMG_profile.h"/>
        <file name="./src/IMG_conv_7x7_i16s_c16s/IMG_conv_7x7_i16s_c16s.h"/>
        <file name="./src/IMG_thr_le2thr_8/IMG_thr_le2thr_8_d.c"/>
        <file name="./src/IMG_conv_5x5_i8_c8s/IMG_conv_5x5_i8_c8s_cn.c"/>
        <file name="./src/IMG_thr_gt2max_16//c66/IMG_thr_gt2max_16.h"/>
        <file name="./src/IMG_conv_5x5_i8_c8s/IMG_conv_5x5_i8_c8s_cn.h"/>
        <file name="./src/IMG_conv_11x11_i16s_c16s//c66/IMG_conv_11x11_i16s_c16s.c"/>
        <file name="./src/IMG_wave_vert/IMG_wave_vert_cn.c"/>
        <file name="./src/IMG_corr_11x11_i16s_c16s/IMG_corr_11x11_i16s_c16s_odat.c"/>
        <file name="./src/IMG_sobel_5x5_16s/IMG_sobel_5x5_16s.h"/>
        <file name="./src/IMG_yc_demux_le16_8/IMG_yc_demux_le16_8_odat.c"/>
        <file name="docs/relnotes_archive"/>
        <file name="./src/IMG_idct_8x8_12q4/IMG_idct_8x8_12q4_d.c"/>
        <file name="./src/IMG_conv_11x11_i16s_c16s//c66/IMG_conv_11x11_i16s_c16s.h"/>
        <file name="./src/IMG_wave_vert/IMG_wave_vert_cn.h"/>
        <file name="./src/IMG_thr_le2thr_16/IMG_thr_le2thr_16_odat.c"/>
        <file name="package/build.cfg"/>
        <file name="./src/IMG_boundary_8/IMG_boundary_8_d.c"/>
        <file name="./src/IMG_perimeter_16/IMG_perimeter_16_d.c"/>
        <file name="./src/IMG_yc_demux_be16_16/IMG_yc_demux_be16_16.h"/>
        <file name="./src/IMG_corr_gen_i16s_c16s/IMG_corr_gen_i16s_c16s_odat.c"/>
        <file name="./src/IMG_thr_gt2max_8/IMG_thr_gt2max_8.h"/>
        <file name="./src/IMG_wave_vert/IMG_wave_vert_d.c"/>
        <file name="./src/IMG_median_3x3_16s/IMG_median_3x3_16s_idat.c"/>
        <file name="./src/IMG_sobel_5x5_16s/IMG_sobel_5x5_16s_idat.c"/>
        <file name="./src/IMG_histogram_8//c66/IMG_histogram_8.c"/>
        <file name="./src/IMG_thr_le2min_16/IMG_thr_le2min_16_d.c"/>
        <file name="./src/IMG_histogram_8//c66/IMG_histogram_8.h"/>
        <file name="./src/IMG_boundary_8/IMG_boundary_8_cn.c"/>
        <file name="./src/IMG_errdif_bin_8/IMG_errdif_bin_8.h"/>
        <file name="./src/IMG_boundary_8/IMG_boundary_8_cn.h"/>
        <file name="./src/IMG_thr_le2min_16/IMG_thr_le2min_16.h"/>
        <file name="./src/IMG_thr_gt2thr_16/IMG_thr_gt2thr_16_idat.c"/>
        <file name="./src/IMG_sobel_7x7_16s/IMG_sobel_7x7_16s.h"/>
        <file name="./src/IMG_wave_horz/IMG_wave_horz_cn.c"/>
        <file name="./src/IMG_median_3x3_8/IMG_median_3x3_8_idat.c"/>
        <file name="./src/IMG_yc_demux_le16_8/IMG_yc_demux_le16_8_cn.c"/>
        <file name="./src/IMG_sad_8x8/IMG_sad_8x8_d.c"/>
        <file name="./src/IMG_wave_horz/IMG_wave_horz_cn.h"/>
        <file name="./src/IMG_yc_demux_le16_8/IMG_yc_demux_le16_8_cn.h"/>
        <file name="./src/IMG_histogram_8/IMG_histogram_8.h"/>
        <file name="./src/IMG_boundary_8/IMG_boundary_8_odat.c"/>
        <file name="./src/IMG_erode_bin/IMG_erode_bin_d.c"/>
        <file name="./src/IMG_perimeter_16/IMG_perimeter_16_odat.c"/>
        <file name="./src/IMG_yc_demux_le16_16/IMG_yc_demux_le16_16_odat.c"/>
        <file name="./src/IMG_yc_demux_le16_16//c66/IMG_yc_demux_le16_16.h"/>
        <file name="./src/IMG_corr_3x3_i16s_c16s//c66/IMG_corr_3x3_i16s_c16s.c"/>
        <file name="./src/IMG_mad_16x16/IMG_mad_16x16_d.c"/>
        <file name="./src/IMG_ycbcr422pl_to_rgb565/IMG_ycbcr422pl_to_rgb565_d.c"/>
        <file name="./src/IMG_thr_le2thr_8/IMG_thr_le2thr_8_odat.c"/>
        <file name="./src/IMG_corr_3x3_i16s_c16s//c66/IMG_corr_3x3_i16s_c16s.h"/>
        <file name="./src/IMG_sad_16x16/IMG_sad_16x16_cn.c"/>
        <file name="docs/manifest/manifest.xml.xdt"/>
        <file name="./src/IMG_sad_16x16/IMG_sad_16x16_cn.h"/>
        <file name="./src/IMG_erode_bin/IMG_erode_bin_odat.c"/>
        <file name="./src/IMG_conv_7x7_i8_c16s/IMG_conv_7x7_i8_c16s_odat.c"/>
        <file name="./src/IMG_pix_sat/IMG_pix_sat.h"/>
        <file name="./src/IMG_conv_11x11_i16s_c16s/IMG_conv_11x11_i16s_c16s_d.c"/>
        <file name="./src/IMG_boundary_16s/IMG_boundary_16s_idat.c"/>
        <file name="./src/IMG_dilate_bin/IMG_dilate_bin_cn.c"/>
        <file name="./src/IMG_thr_le2min_16//c66/IMG_thr_le2min_16.h"/>
        <file name="./src/IMG_thr_le2thr_16/IMG_thr_le2thr_16_d.c"/>
        <file name="package/package.bld.xml"/>
        <file name="./src/IMG_dilate_bin/IMG_dilate_bin_cn.h"/>
        <file name="./src/IMG_sad_8x8//c66/IMG_sad_8x8.h"/>
        <file name="./src/IMG_corr_gen_i16s_c16s/IMG_corr_gen_i16s_c16s_d.c"/>
        <file name="./src/IMG_corr_3x3_i8_c8/IMG_corr_3x3_i8_c8.h"/>
        <file name="./src/IMG_thr_gt2max_16/IMG_thr_gt2max_16_cn.c"/>
        <file name="./src/IMG_yc_demux_le16_8//c66/IMG_yc_demux_le16_8.c"/>
        <file name="./src/IMG_thr_gt2max_16/IMG_thr_gt2max_16_cn.h"/>
        <file name="./src/IMG_sad_8x8//c66/IMG_sad_8x8.s"/>
        <file name="./src/IMG_yc_demux_le16_8//c66/IMG_yc_demux_le16_8.h"/>
        <file name="docs/bundle/doxygen/doxyfile.xdt"/>
        <file name="./src/IMG_corr_11x11_i16s_c16s/IMG_corr_11x11_i16s_c16s_idat.c"/>
        <file name="./src/IMG_boundary_16s/IMG_boundary_16s_cn.c"/>
        <file name="docs/doxygen/IMGLIB_Function_Reference.chm"/>
        <file name="./src/IMG_yc_demux_le16_8/IMG_yc_demux_le16_8_idat.c"/>
        <file name="./src/IMG_conv_7x7_i8_c8s/IMG_conv_7x7_i8_c8s.h"/>
        <file name="./src/IMG_boundary_16s/IMG_boundary_16s_cn.h"/>
        <file name="./src/IMG_thr_le2thr_16/IMG_thr_le2thr_16_idat.c"/>
        <file name="docs/doxygen/doxyfile.xdt"/>
        <file name="./src/IMG_erode_bin//c66/IMG_erode_bin.c"/>
        <file name="./src/IMG_conv_5x5_i8_c16s//c66/IMG_conv_5x5_i8_c16s.c"/>
        <file name="./src/IMG_erode_bin//c66/IMG_erode_bin.h"/>
        <file name="./src/IMG_conv_5x5_i8_c16s//c66/IMG_conv_5x5_i8_c16s.h"/>
        <file name="./src/IMG_sobel_5x5_16s/IMG_sobel_5x5_16s_d.c"/>
        <file name="./src/IMG_corr_gen_i16s_c16s/IMG_corr_gen_i16s_c16s_idat.c"/>
        <file name="./src/IMG_median_3x3_8//c66/IMG_median_3x3_8.c"/>
        <file name="./src/IMG_yc_demux_be16_16/IMG_yc_demux_be16_16_d.c"/>
        <file name="./src/IMG_median_3x3_8//c66/IMG_median_3x3_8.h"/>
        <file name="./src/IMG_pix_expand//c66/IMG_pix_expand.c"/>
        <file name="./src/IMG_sobel_3x3_16//c66/IMG_sobel_3x3_16.sa"/>
        <file name="./src/IMG_corr_3x3_i8_c16s/IMG_corr_3x3_i8_c16s_cn.c"/>
        <file name="./src/IMG_conv_7x7_i8_c8s/IMG_conv_7x7_i8_c8s_idat.c"/>
        <file name="./src/IMG_pix_expand//c66/IMG_pix_expand.h"/>
        <file name="./src/IMG_ycbcr422pl_to_rgb565//c66/IMG_ycbcr422pl_to_rgb565.c"/>
        <file name="./src/IMG_corr_3x3_i8_c16s/IMG_corr_3x3_i8_c16s_cn.h"/>
        <file name="./src/IMG_ycbcr422pl_to_rgb565//c66/IMG_ycbcr422pl_to_rgb565.h"/>
        <file name="./src/IMG_sobel_3x3_16/IMG_sobel_3x3_16.h"/>
        <file name="./src/IMG_pix_sat//c66/IMG_pix_sat.c"/>
        <file name="./src/IMG_thr_gt2thr_16/IMG_thr_gt2thr_16.h"/>
        <file name="./src/IMG_conv_11x11_i8_c8s/IMG_conv_11x11_i8_c8s_idat.c"/>
        <file name="./src/IMG_conv_7x7_i8_c8s/IMG_conv_7x7_i8_c8s_d.c"/>
        <file name="./src/IMG_pix_sat/IMG_pix_sat_odat.c"/>
        <file name="./src/IMG_pix_sat//c66/IMG_pix_sat.h"/>
        <file name="./src/IMG_errdif_bin_8/IMG_errdif_bin_8_d.c"/>
        <file name="./src/IMG_thr_le2thr_8/IMG_thr_le2thr_8_cn.c"/>
        <file name="./src/IMG_idct_8x8_12q4/IMG_idct_8x8_12q4.h"/>
        <file name="./src/IMG_corr_3x3_i16s_c16s/IMG_corr_3x3_i16s_c16s_d.c"/>
        <file name="./src/IMG_boundary_8/IMG_boundary_8_idat.c"/>
        <file name="./src/IMG_corr_3x3_i16_c16//c66/IMG_corr_3x3_i16_c16.sa"/>
        <file name="./src/IMG_corr_3x3_i16s_c16s/IMG_corr_3x3_i16s_c16s_odat.c"/>
        <file name="./src/IMG_perimeter_16/IMG_perimeter_16_idat.c"/>
        <file name="./src/IMG_thr_gt2thr_8/IMG_thr_gt2thr_8.h"/>
        <file name="./src/IMG_thr_le2thr_8/IMG_thr_le2thr_8_cn.h"/>
    </release>
    </releases>
    <repositories>
    </repositories>
</package>
