<?xml version="1.0" encoding="UTF-8"?>
<package kind='package' name='ti.mas.swtools' nodoc='0' root='../../../' summary='swtools+package'>
    <line tab='0' content='%3Cspan+class%3D%22xdoc-kw1%22%3Epackage%3C%2Fspan%3E+%3Cgo%3E%3Cspan+class%3D%22xdoc-id%22%3Eti.mas.swtools%3C%2Fspan%3E%3C%2Fgo%3E+%5B2%2C+0%2C+5%2C+0%5D+%7B'/>
    <line tab='0' content='%7D'/>
    <unit name='IVersion' kind='interface' nodoc='0' metaonly='1' summary='Standard+package+version+number+interface'>
        <synopSpec>
            <line tab='0' content='%3Cspan+class%3D%22xdoc-kw1%22%3Epackage%3C%2Fspan%3E+%3Ca+class%3D%22xdoc-link%22+href%3D%22..%2F..%2F..%2Fti%2Fmas%2Fswtools%2Fpackage.html%22+title%3D%22ti.mas.swtools%22%3Eti.mas.swtools%3C%2Fa%3E%3B'/>
            <line blank='1' always='0'/>
            <line tab='0' content='%3Cspan+class%3D%22xdoc-kw1%22%3Emetaonly+%3C%2Fspan%3E%3Cspan+class%3D%22xdoc-kw1%22%3Einterface%3C%2Fspan%3E+%3Cgo%3E%3Cspan+class%3D%22xdoc-id%22%3EIVersion%3C%2Fspan%3E%3C%2Fgo%3E+%7B'/>
            <line tab='0' content='%7D'/>
        </synopSpec>
        <specInfo>
            <line tab='0' content='%3Cspan+class%3D%22xdoc-kw1%22%3Emetaonly+%3C%2Fspan%3E%3Cspan+class%3D%22xdoc-kw1%22%3Einterface%3C%2Fspan%3E+%3Cgo%3E%3Cspan+class%3D%22xdoc-id%22%3EIVersion%3C%2Fspan%3E%3C%2Fgo%3E+%7B%3Cb%3E%26nbsp%3B%26nbsp%3B...%3C%2Fb%3E'/>
        </specInfo>
        <docSect name='details'>
            <docPara content='This+interface+is+part+of+the+SDO+Package+Standard.++Each+conformant+%0A++package+that+supplies+a+version+number+contains+a+module+named+%0A++%3Ctt%3EVersion%3C%2Ftt%3E+that+implements+this+interface.++In+other+words%2C'/>
            <docPara content='%3CUL%3E%3CLI%3E+the+package%27s+%3Ctt%3Epackage.xdc%3C%2Ftt%3E+file+declares+%3Ctt%3EVersion%3C%2Ftt%3E+as+one+of+it%27s+%0A++++++++modules+%0A%3C%2FLI%3E%3CLI%3E+the+package+contains+a+spec+for+the+%3Ctt%3EVersion%3C%2Ftt%3E+module+%28named+%0A++++++++%3Ctt%3EVersion.xdc%3C%2Ftt%3E%29+and+a+header+generated+from+this+spec+%28named+%0A++++++++%3Ctt%3EVersion.h%3C%2Ftt%3E%29+%0A%3C%2FLI%3E%3CLI%3E+the+%3Ctt%3EVersion.xdc%3C%2Ftt%3E+file+may+optionally+be+generated+from+the+%0A++++++++%3Ctt%3Eti%2Fsdoarch%2Fstandards%2Fpkg%2FVersion.xdt%3C%2Ftt%3E+template+when+the+package%27s+%0A++++++++build+script+runs.+%0A%3C%2FLI%3E%3C%2FUL%3E'/>
            <docPara content='This+interface+defines+a+set+of+values+that+are+used+to'/>
            <docPara content='%3COL%3E%3CLI%3E+informally+communicate+the+%22degree%22+of+change+between+successive+%0A++++++++releases+of+a+package%2C+%0A%3C%2FLI%3E%3CLI%3E+provide+a+%22key%22+that+enables+the+producer+to+unambigeously+identify+%0A++++++++the+sources+%28and+tools%29+used+to+produce+the+package%2C+and+%0A%3C%2FLI%3E%3CLI%3E+enable+consumers+to+easily+communicate+to+producers+the+version%28s%29+%0A++++++++of+the+package%28s%29+they+are+using.+%0A%3C%2FLI%3E%3C%2FOL%3E'/>
        </docSect>
        <group name='module-wide constants &amp; types'>
            <decl kind='const' name='MAJOR' anchor='.M.A.J.O.R' altext='ti.mas.swtools.IVersion.MAJOR' nodoc='0' external='1' overrides='0' readonly='0' instance='0' summary='Major+version+number'>
                <synopSpec>
                    <line tab='0' content='%3Cspan+class%3D%22xdoc-kw1%22%3Econst%3C%2Fspan%3E+%3Cspan+class%3D%22xdoc-kw2%22%3EUInt16%3C%2Fspan%3E%26nbsp%3B%3Cgo%3E%3Cspan+class%3D%22xdoc-id%22%3EMAJOR%3C%2Fspan%3E%3C%2Fgo%3E%3B'/>
                </synopSpec>
                <docSect name='details'>
                    <docPara content='This+number+should+be+changed+when+major+changes+in+the+package+%0A++occur.+Examples+include+adding+new+modules%2C+adding+substantial+new+%0A++features+to+the+algorithm%28s%29.'/>
                </docSect>
            </decl>
            <decl kind='const' name='MINOR' anchor='.M.I.N.O.R' altext='ti.mas.swtools.IVersion.MINOR' nodoc='0' external='1' overrides='0' readonly='0' instance='0' summary='Minor+version+number'>
                <synopSpec>
                    <line tab='0' content='%3Cspan+class%3D%22xdoc-kw1%22%3Econst%3C%2Fspan%3E+%3Cspan+class%3D%22xdoc-kw2%22%3EUInt16%3C%2Fspan%3E%26nbsp%3B%3Cgo%3E%3Cspan+class%3D%22xdoc-id%22%3EMINOR%3C%2Fspan%3E%3C%2Fgo%3E%3B'/>
                </synopSpec>
                <docSect name='details'>
                    <docPara content='This+number+should+be+changed+when+minor+changes+in+the+package+%0A++occur.+Examples+include+minor+changes+to+the+existing+APIs%2C+%0A++adding+minor+features+to+the+algorithms%28s%29+including+expanding+the+%0A++configuration+options.'/>
                </docSect>
            </decl>
            <decl kind='const' name='PATCH' anchor='.P.A.T.C.H' altext='ti.mas.swtools.IVersion.PATCH' nodoc='0' external='1' overrides='0' readonly='0' instance='0' summary='Patch+level'>
                <synopSpec>
                    <line tab='0' content='%3Cspan+class%3D%22xdoc-kw1%22%3Econst%3C%2Fspan%3E+%3Cspan+class%3D%22xdoc-kw2%22%3EUInt16%3C%2Fspan%3E%26nbsp%3B%3Cgo%3E%3Cspan+class%3D%22xdoc-id%22%3EPATCH%3C%2Fspan%3E%3C%2Fgo%3E%3B'/>
                </synopSpec>
                <docSect name='details'>
                    <docPara content='This+number+should+be+changed+when+bug+fixes+or+performance+%0A++improvements+are+introduced.+There+should+be+no+changes+in+the+APIs+%0A++in+this+case.'/>
                </docSect>
            </decl>
            <decl kind='const' name='WIDTH' anchor='.W.I.D.T.H' altext='ti.mas.swtools.IVersion.WIDTH' nodoc='0' external='1' overrides='0' readonly='0' instance='0' summary='Minimum+width+of+print+fields'>
                <synopSpec>
                    <line tab='0' content='%3Cspan+class%3D%22xdoc-kw1%22%3Econst%3C%2Fspan%3E+%3Cspan+class%3D%22xdoc-kw2%22%3EUInt16%3C%2Fspan%3E%26nbsp%3B%3Cgo%3E%3Cspan+class%3D%22xdoc-id%22%3EWIDTH%3C%2Fspan%3E%3C%2Fgo%3E%3B'/>
                </synopSpec>
                <docSect name='details'>
                    <docPara content='When+denoting+version+numbers+using+%27.%27+to+separate+fields+%0A++there+is+a+danger+of+confusing+version+%226.1%22+and+version+%226.10%22%3B+%0A++because%2C+in+decimal+notation+6.1+%3D%3D+6.10.++To+avoid+%0A++this+confusion%2C+it+is+common+practice+to+adopt+a+fixed+minimum+field+%0A++width+that%27s+when+printing+version+dimensions+%28other+than+MAJOR%29%3B+%0A++e.g.%2C+rather+than+printing+%226.1%22%2C+if+WIDTH+%3D%3D+2+then+the+version+would+%0A++be+displayed+as+%226.01%22.'/>
                </docSect>
            </decl>
            <decl spacer='1'/>
        </group>
        <group name='module-wide config parameters'>
            <decl spacer='1'/>
            <decl spacer='1'/>
            <decl spacer='1'/>
        </group>
        <group name='module-wide functions'>
            <decl spacer='1'/>
            <decl kind='fxn' name='getString' anchor='get.String' altext='ti.mas.swtools.IVersion.getString' nodoc='0' external='1' overrides='0' readonly='0' instance='0' summary='Returns+a+string+representation+of+the+version'>
                <synopSpec>
                    <line tab='0' content='%3Cgo%3E%3Cspan+class%3D%22xdoc-kw1%22%3Efunction+%3C%2Fspan%3E%3Cspan+class%3D%22xdoc-id%22%3EgetString%3C%2Fspan%3E%3C%2Fgo%3E%28+%3Cgo%3E%3Cspan+class%3D%22xdoc-id%22%3Eseparator%3C%2Fspan%3E%3C%2Fgo%3E+%29%3B'/>
                </synopSpec>
                <docSect name='details'>
                    <docPara content='This+method+return+a+string+of+the+form%3A'/>
                    <docPara content='%3CPRE+class%3D%22Example%22%3E++++++MAJOR%26lt%3Bsep%26gt%3BMINOR%26lt%3Bsep%26gt%3BPATCH+%0A%3C%2FPRE%3E'/>
                    <docPara content='where+%3Ctt%3EMAJOR%3C%2Ftt%3E%2C+%3Ctt%3EMINOR%3C%2Ftt%3E%2C+and+%3Ctt%3EPATCH%3C%2Ftt%3E+are+%0A++the+values+sepcified+in+this+interface+and+%3Ctt%3E%26lt%3Bsep%26gt%3B%3C%2Ftt%3E+is+the+%28optional%29+%0A++argument+to+this+method.++If+%3Ctt%3Eseparator%3C%2Ftt%3E+is+not+supplied+%28or+is+%0A++%3Ctt%3Enull%3C%2Ftt%3E%29%2C+%3Ctt%3E%26lt%3Bsep%26gt%3B%3C%2Ftt%3E+defaults+to+%3Ctt%3E%27.%27%3C%2Ftt%3E.'/>
                </docSect>
            </decl>
        </group>
    </unit>
    <unit name='IVersion2' kind='interface' nodoc='0' metaonly='1' summary='Standard+package+version+number+interface'>
        <synopSpec>
            <line tab='0' content='%3Cspan+class%3D%22xdoc-kw1%22%3Epackage%3C%2Fspan%3E+%3Ca+class%3D%22xdoc-link%22+href%3D%22..%2F..%2F..%2Fti%2Fmas%2Fswtools%2Fpackage.html%22+title%3D%22ti.mas.swtools%22%3Eti.mas.swtools%3C%2Fa%3E%3B'/>
            <line blank='1' always='0'/>
            <line tab='0' content='%3Cspan+class%3D%22xdoc-kw1%22%3Emetaonly+%3C%2Fspan%3E%3Cspan+class%3D%22xdoc-kw1%22%3Einterface%3C%2Fspan%3E+%3Cgo%3E%3Cspan+class%3D%22xdoc-id%22%3EIVersion2%3C%2Fspan%3E%3C%2Fgo%3E+%7B'/>
            <line tab='0' content='%7D'/>
        </synopSpec>
        <specInfo>
            <line tab='0' content='%3Cspan+class%3D%22xdoc-kw1%22%3Emetaonly+%3C%2Fspan%3E%3Cspan+class%3D%22xdoc-kw1%22%3Einterface%3C%2Fspan%3E+%3Cgo%3E%3Cspan+class%3D%22xdoc-id%22%3EIVersion2%3C%2Fspan%3E%3C%2Fgo%3E+%7B%3Cb%3E%26nbsp%3B%26nbsp%3B...%3C%2Fb%3E'/>
        </specInfo>
        <docSect name='details'>
            <docPara content='This+interface+is+part+of+the+SDO+Package+Standard.++Each+conformant+%0A++package+that+supplies+a+version+number+contains+a+module+named+%0A++%3Ctt%3EVersion%3C%2Ftt%3E+that+implements+this+interface.++In+other+words%2C'/>
            <docPara content='%3CUL%3E%3CLI%3E+the+package%27s+%3Ctt%3Epackage.xdc%3C%2Ftt%3E+file+declares+%3Ctt%3EVersion%3C%2Ftt%3E+as+one+of+it%27s+%0A++++++++modules+%0A%3C%2FLI%3E%3CLI%3E+the+package+contains+a+spec+for+the+%3Ctt%3EVersion%3C%2Ftt%3E+module+%28named+%0A++++++++%3Ctt%3EVersion.xdc%3C%2Ftt%3E%29+and+a+header+generated+from+this+spec+%28named+%0A++++++++%3Ctt%3EVersion.h%3C%2Ftt%3E%29+%0A%3C%2FLI%3E%3CLI%3E+the+%3Ctt%3EVersion.xdc%3C%2Ftt%3E+file+may+optionally+be+generated+from+the+%0A++++++++%3Ctt%3Eti%2Fsdoarch%2Fstandards%2Fpkg%2FVersion.xdt%3C%2Ftt%3E+template+when+the+package%27s+%0A++++++++build+script+runs.+%0A%3C%2FLI%3E%3C%2FUL%3E'/>
            <docPara content='This+interface+defines+a+set+of+values+that+are+used+to'/>
            <docPara content='%3COL%3E%3CLI%3E+informally+communicate+the+%22degree%22+of+change+between+successive+%0A++++++++releases+of+a+package%2C+%0A%3C%2FLI%3E%3CLI%3E+provide+a+%22key%22+that+enables+the+producer+to+unambigeously+identify+%0A++++++++the+sources+%28and+tools%29+used+to+produce+the+package%2C+and+%0A%3C%2FLI%3E%3CLI%3E+enable+consumers+to+easily+communicate+to+producers+the+version%28s%29+%0A++++++++of+the+package%28s%29+they+are+using.+%0A%3C%2FLI%3E%3C%2FOL%3E'/>
        </docSect>
        <group name='module-wide constants &amp; types'>
            <decl kind='const' name='BTYPE' anchor='.B.T.Y.P.E' altext='ti.mas.swtools.IVersion2.BTYPE' nodoc='0' external='1' overrides='0' readonly='0' instance='0' summary='Build+Type'>
                <synopSpec>
                    <line tab='0' content='%3Cspan+class%3D%22xdoc-kw1%22%3Econst%3C%2Fspan%3E+%3Cspan+class%3D%22xdoc-kw2%22%3EUInt16%3C%2Fspan%3E%26nbsp%3B%3Cgo%3E%3Cspan+class%3D%22xdoc-id%22%3EBTYPE%3C%2Fspan%3E%3C%2Fgo%3E%3B'/>
                </synopSpec>
                <docSect name='details'>
                    <docPara content='Value+++%7C+String+++%7C+Description+%0A+++0+++++%7C++empty+++%7C+Regular+build+as+described+by+the+QUALITY+field.+%0A++++++++++++++++++++++%28default%29+%0A+++1+++++%7C++eng+++++%7C+Engineering+build+provided+prior+to+moving+to+next+%0A++++++++++++++++++++++quality+stage.+Not+fully+tested.+%0A+++2+++++%7C++dbg+++++%7C+Debug+build+provided+prior+to+moving+to+next+quality+%0A++++++++++++++++++++++stage.+Not+fully+tested.+May+contain+temporary+code+%0A++++++++++++++++++++++and+traces+that+will+be+removed+in+the+next+regular+%0A++++++++++++++++++++++or+engineering+build.+%0A++3-31+++%7C+reserved+%7C+Reserved+for+future+expansion+of+the+packaging+%0A++++++++++++++++++++++standard.+%0A++32-127+%7C+user+defined+%7C+Site%2Fgroup+specific+extensions.'/>
                </docSect>
            </decl>
            <decl kind='const' name='BTYPE_DEBUG' anchor='.B.T.Y.P.E_.D.E.B.U.G' altext='ti.mas.swtools.IVersion2.BTYPE_DEBUG' nodoc='0' external='1' overrides='0' readonly='0' instance='0' summary=''>
                <synopSpec>
                    <line tab='0' content='%3Cspan+class%3D%22xdoc-kw1%22%3Econst%3C%2Fspan%3E+%3Cspan+class%3D%22xdoc-kw2%22%3EUInt16%3C%2Fspan%3E%26nbsp%3B%3Cgo%3E%3Cspan+class%3D%22xdoc-id%22%3EBTYPE_DEBUG%3C%2Fspan%3E%3C%2Fgo%3E+%3D+2%3B'/>
                </synopSpec>
            </decl>
            <decl kind='const' name='BTYPE_ENGINEERING' anchor='.B.T.Y.P.E_.E.N.G.I.N.E.E.R.I.N.G' altext='ti.mas.swtools.IVersion2.BTYPE_ENGINEERING' nodoc='0' external='1' overrides='0' readonly='0' instance='0' summary=''>
                <synopSpec>
                    <line tab='0' content='%3Cspan+class%3D%22xdoc-kw1%22%3Econst%3C%2Fspan%3E+%3Cspan+class%3D%22xdoc-kw2%22%3EUInt16%3C%2Fspan%3E%26nbsp%3B%3Cgo%3E%3Cspan+class%3D%22xdoc-id%22%3EBTYPE_ENGINEERING%3C%2Fspan%3E%3C%2Fgo%3E+%3D+1%3B'/>
                </synopSpec>
            </decl>
            <decl kind='const' name='BTYPE_STANDARD' anchor='.B.T.Y.P.E_.S.T.A.N.D.A.R.D' altext='ti.mas.swtools.IVersion2.BTYPE_STANDARD' nodoc='0' external='1' overrides='0' readonly='0' instance='0' summary=''>
                <synopSpec>
                    <line tab='0' content='%3Cspan+class%3D%22xdoc-kw1%22%3Econst%3C%2Fspan%3E+%3Cspan+class%3D%22xdoc-kw2%22%3EUInt16%3C%2Fspan%3E%26nbsp%3B%3Cgo%3E%3Cspan+class%3D%22xdoc-id%22%3EBTYPE_STANDARD%3C%2Fspan%3E%3C%2Fgo%3E+%3D+0%3B'/>
                </synopSpec>
            </decl>
            <decl kind='const' name='MAJOR' anchor='.M.A.J.O.R' altext='ti.mas.swtools.IVersion2.MAJOR' nodoc='0' external='1' overrides='0' readonly='0' instance='0' summary='Major+version+number'>
                <synopSpec>
                    <line tab='0' content='%3Cspan+class%3D%22xdoc-kw1%22%3Econst%3C%2Fspan%3E+%3Cspan+class%3D%22xdoc-kw2%22%3EUInt16%3C%2Fspan%3E%26nbsp%3B%3Cgo%3E%3Cspan+class%3D%22xdoc-id%22%3EMAJOR%3C%2Fspan%3E%3C%2Fgo%3E%3B'/>
                </synopSpec>
                <docSect name='details'>
                    <docPara content='This+number+should+be+changed+when+major+changes+in+the+package+%0A++occur.+Examples+include+adding+new+modules%2C+adding+substantial+new+%0A++features+to+the+algorithm%28s%29.'/>
                </docSect>
            </decl>
            <decl kind='const' name='MINOR' anchor='.M.I.N.O.R' altext='ti.mas.swtools.IVersion2.MINOR' nodoc='0' external='1' overrides='0' readonly='0' instance='0' summary='Minor+version+number'>
                <synopSpec>
                    <line tab='0' content='%3Cspan+class%3D%22xdoc-kw1%22%3Econst%3C%2Fspan%3E+%3Cspan+class%3D%22xdoc-kw2%22%3EUInt16%3C%2Fspan%3E%26nbsp%3B%3Cgo%3E%3Cspan+class%3D%22xdoc-id%22%3EMINOR%3C%2Fspan%3E%3C%2Fgo%3E%3B'/>
                </synopSpec>
                <docSect name='details'>
                    <docPara content='This+number+should+be+changed+when+minor+changes+in+the+package+%0A++occur.+Examples+include+minor+changes+to+the+existing+APIs%2C+%0A++adding+minor+features+to+the+algorithms%28s%29+including+expanding+the+%0A++configuration+options.'/>
                </docSect>
            </decl>
            <decl kind='const' name='PATCH' anchor='.P.A.T.C.H' altext='ti.mas.swtools.IVersion2.PATCH' nodoc='0' external='1' overrides='0' readonly='0' instance='0' summary='Patch+level'>
                <synopSpec>
                    <line tab='0' content='%3Cspan+class%3D%22xdoc-kw1%22%3Econst%3C%2Fspan%3E+%3Cspan+class%3D%22xdoc-kw2%22%3EUInt16%3C%2Fspan%3E%26nbsp%3B%3Cgo%3E%3Cspan+class%3D%22xdoc-id%22%3EPATCH%3C%2Fspan%3E%3C%2Fgo%3E%3B'/>
                </synopSpec>
                <docSect name='details'>
                    <docPara content='This+number+should+be+changed+when+bug+fixes+or+performance+%0A++improvements+are+introduced.+There+should+be+no+changes+in+the+APIs+%0A++in+this+case.'/>
                </docSect>
            </decl>
            <decl kind='const' name='QUALITY' anchor='.Q.U.A.L.I.T.Y' altext='ti.mas.swtools.IVersion2.QUALITY' nodoc='0' external='1' overrides='0' readonly='0' instance='0' summary='Quality'>
                <synopSpec>
                    <line tab='0' content='%3Cspan+class%3D%22xdoc-kw1%22%3Econst%3C%2Fspan%3E+%3Cspan+class%3D%22xdoc-kw2%22%3EUInt16%3C%2Fspan%3E%26nbsp%3B%3Cgo%3E%3Cspan+class%3D%22xdoc-id%22%3EQUALITY%3C%2Fspan%3E%3C%2Fgo%3E%3B'/>
                </synopSpec>
                <docSect name='details'>
                    <docPara content='Value+++%7C+String+++%7C+Description+%0A++0++++++%7C+prealpha+%7C+Pre-alpha%2C+under+development.+Cannot+be+delivered+%0A++++++++++++++++++++++to+customers.+%28default%29+%0A++1++++++%7C+alpha++++%7C+Substantial+features+included.+Not+fully+tested.+%0A++2++++++%7C+beta+++++%7C+All+features+included.+Not+fully+tested.+%0A++3++++++%7C+%26lt%3Bempty%26gt%3B++%7C+All+features+included.+Fully+tested.+General+%0A++++++++++++++++++++++availability.+%0A+4-31++++%7C+reserved+%7C+Reserved+for+future+expansion+of+the+packaging+%0A++++++++++++++++++++++standard.+%0A+32-127++%7C+user+defined+%7C+Site%2Fgroup+specific+extensions.'/>
                </docSect>
            </decl>
            <decl kind='const' name='QUALITY_ALPHA' anchor='.Q.U.A.L.I.T.Y_.A.L.P.H.A' altext='ti.mas.swtools.IVersion2.QUALITY_ALPHA' nodoc='0' external='1' overrides='0' readonly='0' instance='0' summary=''>
                <synopSpec>
                    <line tab='0' content='%3Cspan+class%3D%22xdoc-kw1%22%3Econst%3C%2Fspan%3E+%3Cspan+class%3D%22xdoc-kw2%22%3EUInt16%3C%2Fspan%3E%26nbsp%3B%3Cgo%3E%3Cspan+class%3D%22xdoc-id%22%3EQUALITY_ALPHA%3C%2Fspan%3E%3C%2Fgo%3E+%3D+1%3B'/>
                </synopSpec>
            </decl>
            <decl kind='const' name='QUALITY_BETA' anchor='.Q.U.A.L.I.T.Y_.B.E.T.A' altext='ti.mas.swtools.IVersion2.QUALITY_BETA' nodoc='0' external='1' overrides='0' readonly='0' instance='0' summary=''>
                <synopSpec>
                    <line tab='0' content='%3Cspan+class%3D%22xdoc-kw1%22%3Econst%3C%2Fspan%3E+%3Cspan+class%3D%22xdoc-kw2%22%3EUInt16%3C%2Fspan%3E%26nbsp%3B%3Cgo%3E%3Cspan+class%3D%22xdoc-id%22%3EQUALITY_BETA%3C%2Fspan%3E%3C%2Fgo%3E+%3D+2%3B'/>
                </synopSpec>
            </decl>
            <decl kind='const' name='QUALITY_GA' anchor='.Q.U.A.L.I.T.Y_.G.A' altext='ti.mas.swtools.IVersion2.QUALITY_GA' nodoc='0' external='1' overrides='0' readonly='0' instance='0' summary=''>
                <synopSpec>
                    <line tab='0' content='%3Cspan+class%3D%22xdoc-kw1%22%3Econst%3C%2Fspan%3E+%3Cspan+class%3D%22xdoc-kw2%22%3EUInt16%3C%2Fspan%3E%26nbsp%3B%3Cgo%3E%3Cspan+class%3D%22xdoc-id%22%3EQUALITY_GA%3C%2Fspan%3E%3C%2Fgo%3E+%3D+3%3B'/>
                </synopSpec>
            </decl>
            <decl kind='const' name='QUALITY_PREALPHA' anchor='.Q.U.A.L.I.T.Y_.P.R.E.A.L.P.H.A' altext='ti.mas.swtools.IVersion2.QUALITY_PREALPHA' nodoc='0' external='1' overrides='0' readonly='0' instance='0' summary=''>
                <synopSpec>
                    <line tab='0' content='%3Cspan+class%3D%22xdoc-kw1%22%3Econst%3C%2Fspan%3E+%3Cspan+class%3D%22xdoc-kw2%22%3EUInt16%3C%2Fspan%3E%26nbsp%3B%3Cgo%3E%3Cspan+class%3D%22xdoc-id%22%3EQUALITY_PREALPHA%3C%2Fspan%3E%3C%2Fgo%3E+%3D+0%3B'/>
                </synopSpec>
            </decl>
            <decl kind='const' name='WIDTH' anchor='.W.I.D.T.H' altext='ti.mas.swtools.IVersion2.WIDTH' nodoc='0' external='1' overrides='0' readonly='0' instance='0' summary='Minimum+width+of+print+fields'>
                <synopSpec>
                    <line tab='0' content='%3Cspan+class%3D%22xdoc-kw1%22%3Econst%3C%2Fspan%3E+%3Cspan+class%3D%22xdoc-kw2%22%3EUInt16%3C%2Fspan%3E%26nbsp%3B%3Cgo%3E%3Cspan+class%3D%22xdoc-id%22%3EWIDTH%3C%2Fspan%3E%3C%2Fgo%3E%3B'/>
                </synopSpec>
                <docSect name='details'>
                    <docPara content='When+denoting+version+numbers+using+%27.%27+to+separate+fields+%0A++there+is+a+danger+of+confusing+version+%226.1%22+and+version+%226.10%22%3B+%0A++because%2C+in+decimal+notation+6.1+%3D%3D+6.10.++To+avoid+%0A++this+confusion%2C+it+is+common+practice+to+adopt+a+fixed+minimum+field+%0A++width+that%27s+when+printing+version+dimensions+%28other+than+MAJOR%29%3B+%0A++e.g.%2C+rather+than+printing+%226.1%22%2C+if+WIDTH+%3D%3D+2+then+the+version+would+%0A++be+displayed+as+%226.01%22.'/>
                </docSect>
            </decl>
            <decl spacer='1'/>
        </group>
        <group name='module-wide config parameters'>
            <decl spacer='1'/>
            <decl spacer='1'/>
            <decl spacer='1'/>
        </group>
        <group name='module-wide functions'>
            <decl spacer='1'/>
            <decl kind='fxn' name='getString' anchor='get.String' altext='ti.mas.swtools.IVersion2.getString' nodoc='0' external='1' overrides='0' readonly='0' instance='0' summary='Returns+a+string+representation+of+the+version'>
                <synopSpec>
                    <line tab='0' content='%3Cgo%3E%3Cspan+class%3D%22xdoc-kw1%22%3Efunction+%3C%2Fspan%3E%3Cspan+class%3D%22xdoc-id%22%3EgetString%3C%2Fspan%3E%3C%2Fgo%3E%28+%3Cgo%3E%3Cspan+class%3D%22xdoc-id%22%3Eseparator%3C%2Fspan%3E%3C%2Fgo%3E+%29%3B'/>
                </synopSpec>
                <docSect name='details'>
                    <docPara content='This+method+return+a+string+of+the+form%3A'/>
                    <docPara content='%3CPRE+class%3D%22Example%22%3E++++++MAJOR%26lt%3Bsep%26gt%3BMINOR%26lt%3Bsep%26gt%3BPATCH+%0A%3C%2FPRE%3E'/>
                    <docPara content='where+%3Ctt%3EMAJOR%3C%2Ftt%3E%2C+%3Ctt%3EMINOR%3C%2Ftt%3E%2C+and+%3Ctt%3EPATCH%3C%2Ftt%3E+are+%0A++the+values+sepcified+in+this+interface+and+%3Ctt%3E%26lt%3Bsep%26gt%3B%3C%2Ftt%3E+is+the+%28optional%29+%0A++argument+to+this+method.++If+%3Ctt%3Eseparator%3C%2Ftt%3E+is+not+supplied+%28or+is+%0A++%3Ctt%3Enull%3C%2Ftt%3E%29%2C+%3Ctt%3E%26lt%3Bsep%26gt%3B%3C%2Ftt%3E+defaults+to+%3Ctt%3E%27.%27%3C%2Ftt%3E.'/>
                </docSect>
            </decl>
        </group>
    </unit>
    <unit name='Ccase' kind='module' nodoc='0' metaonly='1' summary=''>
        <synopSpec>
            <line tab='0' content='%3Cspan+class%3D%22xdoc-kw1%22%3Epackage%3C%2Fspan%3E+%3Ca+class%3D%22xdoc-link%22+href%3D%22..%2F..%2F..%2Fti%2Fmas%2Fswtools%2Fpackage.html%22+title%3D%22ti.mas.swtools%22%3Eti.mas.swtools%3C%2Fa%3E%3B'/>
            <line blank='1' always='0'/>
            <line tab='0' content='%3Cspan+class%3D%22xdoc-kw1%22%3Emetaonly+%3C%2Fspan%3E%3Cspan+class%3D%22xdoc-kw1%22%3Emodule%3C%2Fspan%3E+%3Cgo%3E%3Cspan+class%3D%22xdoc-id%22%3ECcase%3C%2Fspan%3E%3C%2Fgo%3E+%7B'/>
            <line tab='0' content='%7D'/>
        </synopSpec>
        <specInfo>
            <line tab='0' content='%3Cspan+class%3D%22xdoc-kw1%22%3Emetaonly+%3C%2Fspan%3E%3Cspan+class%3D%22xdoc-kw1%22%3Emodule%3C%2Fspan%3E+%3Cgo%3E%3Cspan+class%3D%22xdoc-id%22%3ECcase%3C%2Fspan%3E%3C%2Fgo%3E+%7B%3Cb%3E%26nbsp%3B%26nbsp%3B...%3C%2Fb%3E'/>
        </specInfo>
        <synopMeta>
            <line tab='0' content='%3Cspan+class%3D%22xdoc-kw1%22%3Evar%3C%2Fspan%3E+Ccase+%3D+%3Cspan+class%3D%22xdoc-kw3%22%3Exdc.useModule%3C%2Fspan%3E%28%3Cspan+class%3D%22xdoc-id%22%3E%27ti.mas.swtools.Ccase%27%3C%2Fspan%3E%29%3B'/>
        </synopMeta>
        <group name='module-wide constants &amp; types'>
            <decl spacer='1'/>
        </group>
        <group name='module-wide config parameters'>
            <decl spacer='1'/>
            <decl spacer='1'/>
            <decl spacer='1'/>
            <decl kind='config' name='ignoreList' anchor='ignore.List' altext='ti.mas.swtools.Ccase.ignoreList' nodoc='0' external='1' overrides='0' readonly='0' instance='0' summary=''>
                <synopSpec>
                    <line tab='0' content='%3Cspan+class%3D%22xdoc-kw1%22%3Econfig%3C%2Fspan%3E+%3Cspan+class%3D%22xdoc-kw2%22%3EString%3C%2Fspan%3E%26nbsp%3B%3Cgo%3E%3Cspan+class%3D%22xdoc-id%22%3EignoreList%3C%2Fspan%3E%3C%2Fgo%3E%5B%3Cspan+class%3D%22xdoc-kw2%22%3E%3C%2Fspan%3E%5D+%3D+%255B'/>
                    <line tab='1' content='%2522ti.sdoarch.standards.pkg%2522%252C'/>
                    <line tab='1' content='%2522ti.xdais%2522'/>
                    <line tab='0' content='%255D%3B'/>
                </synopSpec>
                <synopMeta>
                    <line tab='0' content='%3Cgo%3ECcase.%3Cspan+class%3D%22xdoc-id%22%3EignoreList%3C%2Fspan%3E%3C%2Fgo%3E+%3D+%3Ci%3E%3Cspan+class%3D%22xdoc-kw2%22%3EString%3C%2Fspan%3E%5B%3Cspan+class%3D%22xdoc-kw2%22%3E%3C%2Fspan%3E%5D%3C%2Fi%3E+%255B'/>
                    <line tab='1' content='%2522ti.sdoarch.standards.pkg%2522%252C'/>
                    <line tab='1' content='%2522ti.xdais%2522'/>
                    <line tab='0' content='%255D%3B'/>
                </synopMeta>
            </decl>
        </group>
        <group name='module-wide functions'>
            <decl spacer='1'/>
        </group>
    </unit>
    <unit name='CommonBld' kind='module' nodoc='0' metaonly='1' summary=''>
        <synopSpec>
            <line tab='0' content='%3Cspan+class%3D%22xdoc-kw1%22%3Epackage%3C%2Fspan%3E+%3Ca+class%3D%22xdoc-link%22+href%3D%22..%2F..%2F..%2Fti%2Fmas%2Fswtools%2Fpackage.html%22+title%3D%22ti.mas.swtools%22%3Eti.mas.swtools%3C%2Fa%3E%3B'/>
            <line blank='1' always='0'/>
            <line tab='0' content='%3Cspan+class%3D%22xdoc-kw1%22%3Emetaonly+%3C%2Fspan%3E%3Cspan+class%3D%22xdoc-kw1%22%3Emodule%3C%2Fspan%3E+%3Cgo%3E%3Cspan+class%3D%22xdoc-id%22%3ECommonBld%3C%2Fspan%3E%3C%2Fgo%3E+%7B'/>
            <line tab='0' content='%7D'/>
        </synopSpec>
        <specInfo>
            <line tab='0' content='%3Cspan+class%3D%22xdoc-kw1%22%3Emetaonly+%3C%2Fspan%3E%3Cspan+class%3D%22xdoc-kw1%22%3Emodule%3C%2Fspan%3E+%3Cgo%3E%3Cspan+class%3D%22xdoc-id%22%3ECommonBld%3C%2Fspan%3E%3C%2Fgo%3E+%7B%3Cb%3E%26nbsp%3B%26nbsp%3B...%3C%2Fb%3E'/>
        </specInfo>
        <synopMeta>
            <line tab='0' content='%3Cspan+class%3D%22xdoc-kw1%22%3Evar%3C%2Fspan%3E+CommonBld+%3D+%3Cspan+class%3D%22xdoc-kw3%22%3Exdc.useModule%3C%2Fspan%3E%28%3Cspan+class%3D%22xdoc-id%22%3E%27ti.mas.swtools.CommonBld%27%3C%2Fspan%3E%29%3B'/>
        </synopMeta>
        <group name='module-wide constants &amp; types'>
            <decl spacer='1'/>
        </group>
        <group name='module-wide config parameters'>
            <decl spacer='1'/>
            <decl spacer='1'/>
            <decl spacer='1'/>
        </group>
        <group name='module-wide functions'>
            <decl spacer='1'/>
            <decl kind='fxn' name='addUsage' anchor='add.Usage' altext='ti.mas.swtools.CommonBld.addUsage' nodoc='0' external='1' overrides='0' readonly='0' instance='0' summary=''>
                <synopSpec>
                    <line tab='0' content='%3Cgo%3E%3Cspan+class%3D%22xdoc-kw1%22%3Efunction+%3C%2Fspan%3E%3Cspan+class%3D%22xdoc-id%22%3EaddUsage%3C%2Fspan%3E%3C%2Fgo%3E%28+%3Cgo%3E%3Cspan+class%3D%22xdoc-id%22%3Eprint_buffer%3C%2Fspan%3E%3C%2Fgo%3E%2C+%3Cgo%3E%3Cspan+class%3D%22xdoc-id%22%3ESpecificArgs%3C%2Fspan%3E%3C%2Fgo%3E+%29%3B'/>
                </synopSpec>
                <synopMeta>
                    <line tab='0' content='%3Cgo%3ECommonBld.%3Cspan+class%3D%22xdoc-id%22%3EaddUsage%3C%2Fspan%3E%3C%2Fgo%3E%28+%3Ci%3E%3Cspan+class%3D%22xdoc-kw2%22%3EAny%3C%2Fspan%3E%3C%2Fi%3E+%3Cgo%3E%3Cspan+class%3D%22xdoc-id%22%3Eprint_buffer%3C%2Fspan%3E%3C%2Fgo%3E%2C+%3Ci%3E%3Cspan+class%3D%22xdoc-kw2%22%3EAny%3C%2Fspan%3E%3C%2Fi%3E+%3Cgo%3E%3Cspan+class%3D%22xdoc-id%22%3ESpecificArgs%3C%2Fspan%3E%3C%2Fgo%3E+%29+%3Ci%3Ereturns%3C%2Fi%3E+%3Ci%3E%3Cspan+class%3D%22xdoc-kw2%22%3EAny%3C%2Fspan%3E%3C%2Fi%3E'/>
                </synopMeta>
            </decl>
            <decl kind='fxn' name='createExe' anchor='create.Exe' altext='ti.mas.swtools.CommonBld.createExe' nodoc='0' external='1' overrides='0' readonly='0' instance='0' summary=''>
                <synopSpec>
                    <line tab='0' content='%3Cgo%3E%3Cspan+class%3D%22xdoc-kw1%22%3Efunction+%3C%2Fspan%3E%3Cspan+class%3D%22xdoc-id%22%3EcreateExe%3C%2Fspan%3E%3C%2Fgo%3E%28+%3Cgo%3E%3Cspan+class%3D%22xdoc-id%22%3EexeName%3C%2Fspan%3E%3C%2Fgo%3E%2C+%3Cgo%3E%3Cspan+class%3D%22xdoc-id%22%3EtargArray%3C%2Fspan%3E%3C%2Fgo%3E%2C+%3Cgo%3E%3Cspan+class%3D%22xdoc-id%22%3Esource%3C%2Fspan%3E%3C%2Fgo%3E+%29%3B'/>
                </synopSpec>
                <synopMeta>
                    <line tab='0' content='%3Cgo%3ECommonBld.%3Cspan+class%3D%22xdoc-id%22%3EcreateExe%3C%2Fspan%3E%3C%2Fgo%3E%28+%3Ci%3E%3Cspan+class%3D%22xdoc-kw2%22%3EAny%3C%2Fspan%3E%3C%2Fi%3E+%3Cgo%3E%3Cspan+class%3D%22xdoc-id%22%3EexeName%3C%2Fspan%3E%3C%2Fgo%3E%2C+%3Ci%3E%3Cspan+class%3D%22xdoc-kw2%22%3EAny%3C%2Fspan%3E%3C%2Fi%3E+%3Cgo%3E%3Cspan+class%3D%22xdoc-id%22%3EtargArray%3C%2Fspan%3E%3C%2Fgo%3E%2C+%3Ci%3E%3Cspan+class%3D%22xdoc-kw2%22%3EAny%3C%2Fspan%3E%3C%2Fi%3E+%3Cgo%3E%3Cspan+class%3D%22xdoc-id%22%3Esource%3C%2Fspan%3E%3C%2Fgo%3E+%29+%3Ci%3Ereturns%3C%2Fi%3E+%3Ci%3E%3Cspan+class%3D%22xdoc-kw2%22%3EAny%3C%2Fspan%3E%3C%2Fi%3E'/>
                </synopMeta>
            </decl>
            <decl kind='fxn' name='createLib' anchor='create.Lib' altext='ti.mas.swtools.CommonBld.createLib' nodoc='0' external='1' overrides='0' readonly='0' instance='0' summary=''>
                <synopSpec>
                    <line tab='0' content='%3Cgo%3E%3Cspan+class%3D%22xdoc-kw1%22%3Efunction+%3C%2Fspan%3E%3Cspan+class%3D%22xdoc-id%22%3EcreateLib%3C%2Fspan%3E%3C%2Fgo%3E%28+%3Cgo%3E%3Cspan+class%3D%22xdoc-id%22%3ElibName%3C%2Fspan%3E%3C%2Fgo%3E%2C+%3Cgo%3E%3Cspan+class%3D%22xdoc-id%22%3EtargArray%3C%2Fspan%3E%3C%2Fgo%3E%2C+%3Cgo%3E%3Cspan+class%3D%22xdoc-id%22%3Esource%3C%2Fspan%3E%3C%2Fgo%3E+%29%3B'/>
                </synopSpec>
                <synopMeta>
                    <line tab='0' content='%3Cgo%3ECommonBld.%3Cspan+class%3D%22xdoc-id%22%3EcreateLib%3C%2Fspan%3E%3C%2Fgo%3E%28+%3Ci%3E%3Cspan+class%3D%22xdoc-kw2%22%3EAny%3C%2Fspan%3E%3C%2Fi%3E+%3Cgo%3E%3Cspan+class%3D%22xdoc-id%22%3ElibName%3C%2Fspan%3E%3C%2Fgo%3E%2C+%3Ci%3E%3Cspan+class%3D%22xdoc-kw2%22%3EAny%3C%2Fspan%3E%3C%2Fi%3E+%3Cgo%3E%3Cspan+class%3D%22xdoc-id%22%3EtargArray%3C%2Fspan%3E%3C%2Fgo%3E%2C+%3Ci%3E%3Cspan+class%3D%22xdoc-kw2%22%3EAny%3C%2Fspan%3E%3C%2Fi%3E+%3Cgo%3E%3Cspan+class%3D%22xdoc-id%22%3Esource%3C%2Fspan%3E%3C%2Fgo%3E+%29+%3Ci%3Ereturns%3C%2Fi%3E+%3Ci%3E%3Cspan+class%3D%22xdoc-kw2%22%3EAny%3C%2Fspan%3E%3C%2Fi%3E'/>
                </synopMeta>
            </decl>
            <decl kind='fxn' name='createTar' anchor='create.Tar' altext='ti.mas.swtools.CommonBld.createTar' nodoc='0' external='1' overrides='0' readonly='0' instance='0' summary=''>
                <synopSpec>
                    <line tab='0' content='%3Cgo%3E%3Cspan+class%3D%22xdoc-kw1%22%3Efunction+%3C%2Fspan%3E%3Cspan+class%3D%22xdoc-id%22%3EcreateTar%3C%2Fspan%3E%3C%2Fgo%3E%28+%3Cgo%3E%3Cspan+class%3D%22xdoc-id%22%3EpkgName%3C%2Fspan%3E%3C%2Fgo%3E%2C+%3Cgo%3E%3Cspan+class%3D%22xdoc-id%22%3EtargArray%3C%2Fspan%3E%3C%2Fgo%3E+%29%3B'/>
                </synopSpec>
                <synopMeta>
                    <line tab='0' content='%3Cgo%3ECommonBld.%3Cspan+class%3D%22xdoc-id%22%3EcreateTar%3C%2Fspan%3E%3C%2Fgo%3E%28+%3Ci%3E%3Cspan+class%3D%22xdoc-kw2%22%3EAny%3C%2Fspan%3E%3C%2Fi%3E+%3Cgo%3E%3Cspan+class%3D%22xdoc-id%22%3EpkgName%3C%2Fspan%3E%3C%2Fgo%3E%2C+%3Ci%3E%3Cspan+class%3D%22xdoc-kw2%22%3EAny%3C%2Fspan%3E%3C%2Fi%3E+%3Cgo%3E%3Cspan+class%3D%22xdoc-id%22%3EtargArray%3C%2Fspan%3E%3C%2Fgo%3E+%29+%3Ci%3Ereturns%3C%2Fi%3E+%3Ci%3E%3Cspan+class%3D%22xdoc-kw2%22%3EAny%3C%2Fspan%3E%3C%2Fi%3E'/>
                </synopMeta>
            </decl>
            <decl kind='fxn' name='packageClean' anchor='package.Clean' altext='ti.mas.swtools.CommonBld.packageClean' nodoc='0' external='1' overrides='0' readonly='0' instance='0' summary=''>
                <synopSpec>
                    <line tab='0' content='%3Cgo%3E%3Cspan+class%3D%22xdoc-kw1%22%3Efunction+%3C%2Fspan%3E%3Cspan+class%3D%22xdoc-id%22%3EpackageClean%3C%2Fspan%3E%3C%2Fgo%3E%28++%29%3B'/>
                </synopSpec>
                <synopMeta>
                    <line tab='0' content='%3Cgo%3ECommonBld.%3Cspan+class%3D%22xdoc-id%22%3EpackageClean%3C%2Fspan%3E%3C%2Fgo%3E%28++%29+%3Ci%3Ereturns%3C%2Fi%3E+%3Ci%3E%3Cspan+class%3D%22xdoc-kw2%22%3EAny%3C%2Fspan%3E%3C%2Fi%3E'/>
                </synopMeta>
            </decl>
            <decl kind='fxn' name='parseArgs' anchor='parse.Args' altext='ti.mas.swtools.CommonBld.parseArgs' nodoc='0' external='1' overrides='0' readonly='0' instance='0' summary=''>
                <synopSpec>
                    <line tab='0' content='%3Cgo%3E%3Cspan+class%3D%22xdoc-kw1%22%3Efunction+%3C%2Fspan%3E%3Cspan+class%3D%22xdoc-id%22%3EparseArgs%3C%2Fspan%3E%3C%2Fgo%3E%28+%3Cgo%3E%3Cspan+class%3D%22xdoc-id%22%3Earguments%3C%2Fspan%3E%3C%2Fgo%3E%2C+%3Cgo%3E%3Cspan+class%3D%22xdoc-id%22%3Etargs%3C%2Fspan%3E%3C%2Fgo%3E%2C+%3Cgo%3E%3Cspan+class%3D%22xdoc-id%22%3EpackageSpecificArgs%3C%2Fspan%3E%3C%2Fgo%3E+%29%3B'/>
                </synopSpec>
                <synopMeta>
                    <line tab='0' content='%3Cgo%3ECommonBld.%3Cspan+class%3D%22xdoc-id%22%3EparseArgs%3C%2Fspan%3E%3C%2Fgo%3E%28+%3Ci%3E%3Cspan+class%3D%22xdoc-kw2%22%3EAny%3C%2Fspan%3E%3C%2Fi%3E+%3Cgo%3E%3Cspan+class%3D%22xdoc-id%22%3Earguments%3C%2Fspan%3E%3C%2Fgo%3E%2C+%3Ci%3E%3Cspan+class%3D%22xdoc-kw2%22%3EAny%3C%2Fspan%3E%3C%2Fi%3E+%3Cgo%3E%3Cspan+class%3D%22xdoc-id%22%3Etargs%3C%2Fspan%3E%3C%2Fgo%3E%2C+%3Ci%3E%3Cspan+class%3D%22xdoc-kw2%22%3EAny%3C%2Fspan%3E%3C%2Fi%3E+%3Cgo%3E%3Cspan+class%3D%22xdoc-id%22%3EpackageSpecificArgs%3C%2Fspan%3E%3C%2Fgo%3E+%29+%3Ci%3Ereturns%3C%2Fi%3E+%3Ci%3E%3Cspan+class%3D%22xdoc-kw2%22%3EAny%3C%2Fspan%3E%3C%2Fi%3E'/>
                </synopMeta>
            </decl>
            <decl kind='fxn' name='printUsage' anchor='print.Usage' altext='ti.mas.swtools.CommonBld.printUsage' nodoc='0' external='1' overrides='0' readonly='0' instance='0' summary=''>
                <synopSpec>
                    <line tab='0' content='%3Cgo%3E%3Cspan+class%3D%22xdoc-kw1%22%3Efunction+%3C%2Fspan%3E%3Cspan+class%3D%22xdoc-id%22%3EprintUsage%3C%2Fspan%3E%3C%2Fgo%3E%28+%3Cgo%3E%3Cspan+class%3D%22xdoc-id%22%3Eprint_buffer%3C%2Fspan%3E%3C%2Fgo%3E+%29%3B'/>
                </synopSpec>
                <synopMeta>
                    <line tab='0' content='%3Cgo%3ECommonBld.%3Cspan+class%3D%22xdoc-id%22%3EprintUsage%3C%2Fspan%3E%3C%2Fgo%3E%28+%3Ci%3E%3Cspan+class%3D%22xdoc-kw2%22%3EAny%3C%2Fspan%3E%3C%2Fi%3E+%3Cgo%3E%3Cspan+class%3D%22xdoc-id%22%3Eprint_buffer%3C%2Fspan%3E%3C%2Fgo%3E+%29+%3Ci%3Ereturns%3C%2Fi%3E+%3Ci%3E%3Cspan+class%3D%22xdoc-kw2%22%3EAny%3C%2Fspan%3E%3C%2Fi%3E'/>
                </synopMeta>
            </decl>
        </group>
    </unit>
    <unit name='Version' kind='module' nodoc='0' metaonly='1' summary='Version+for+the+ti.mas.swtools+package' inherits='ti.mas.swtools.IVersion2'>
        <synopSpec>
            <line tab='0' content='%3Cspan+class%3D%22xdoc-kw1%22%3Epackage%3C%2Fspan%3E+%3Ca+class%3D%22xdoc-link%22+href%3D%22..%2F..%2F..%2Fti%2Fmas%2Fswtools%2Fpackage.html%22+title%3D%22ti.mas.swtools%22%3Eti.mas.swtools%3C%2Fa%3E%3B'/>
            <line blank='1' always='0'/>
            <line tab='0' content='%3Cspan+class%3D%22xdoc-kw1%22%3Emetaonly+%3C%2Fspan%3E%3Cspan+class%3D%22xdoc-kw1%22%3Emodule%3C%2Fspan%3E+%3Cgo%3E%3Cspan+class%3D%22xdoc-id%22%3EVersion%3C%2Fspan%3E%3C%2Fgo%3E%3Cspan+class%3D%22xdoc-kw1%22%3E+inherits+%3C%2Fspan%3E%3Ca+class%3D%22xdoc-link%22+href%3D%22..%2F..%2F..%2Fti%2Fmas%2Fswtools%2FIVersion2.html%22+title%3D%22ti.mas.swtools.IVersion2%22%3EIVersion2%3C%2Fa%3E+%7B'/>
            <line tab='0' content='%7D'/>
        </synopSpec>
        <specInfo>
            <line tab='0' content='%3Cspan+class%3D%22xdoc-kw1%22%3Emetaonly+%3C%2Fspan%3E%3Cspan+class%3D%22xdoc-kw1%22%3Emodule%3C%2Fspan%3E+%3Cgo%3E%3Cspan+class%3D%22xdoc-id%22%3EVersion%3C%2Fspan%3E%3C%2Fgo%3E+%7B%3Cb%3E%26nbsp%3B%26nbsp%3B...%3C%2Fb%3E'/>
            <line tab='0' comment='inherits+%3Ca+class%3D%22xdoc-link%22+href%3D%22..%2F..%2F..%2Fti%2Fmas%2Fswtools%2FIVersion2.html%22+title%3D%22ti.mas.swtools.IVersion2%22%3Eti.mas.swtools.IVersion2%3C%2Fa%3E'/>
        </specInfo>
        <synopMeta>
            <line tab='0' content='%3Cspan+class%3D%22xdoc-kw1%22%3Evar%3C%2Fspan%3E+Version+%3D+%3Cspan+class%3D%22xdoc-kw3%22%3Exdc.useModule%3C%2Fspan%3E%28%3Cspan+class%3D%22xdoc-id%22%3E%27ti.mas.swtools.Version%27%3C%2Fspan%3E%29%3B'/>
        </synopMeta>
        <group name='module-wide constants &amp; types'>
            <decl kind='const' name='BTYPE' anchor='.B.T.Y.P.E' altext='ti.mas.swtools.Version.BTYPE' nodoc='0' external='1' overrides='1' readonly='0' instance='0' summary='Build+Type' origin='%3Ca+class%3D%22xdoc-link%22+href%3D%22..%2F..%2F..%2Fti%2Fmas%2Fswtools%2FIVersion2.html%23.B.T.Y.P.E%22+title%3D%22ti.mas.swtools.IVersion2.BTYPE%22%3EIVersion2%3C%2Fa%3E'>
                <synopSpec>
                    <line tab='0' content='%3Cspan+class%3D%22xdoc-kw1%22%3Eoverride+%3C%2Fspan%3E%3Cspan+class%3D%22xdoc-kw1%22%3Econst%3C%2Fspan%3E+%3Cspan+class%3D%22xdoc-kw2%22%3EUInt16%3C%2Fspan%3E%26nbsp%3B%3Cgo%3E%3Cspan+class%3D%22xdoc-id%22%3EBTYPE%3C%2Fspan%3E%3C%2Fgo%3E+%3D+0%3B'/>
                </synopSpec>
                <synopMeta>
                    <line tab='0' content='%3Cspan+class%3D%22xdoc-kw1%22%3Econst%3C%2Fspan%3E+%3Cgo%3EVersion.%3Cspan+class%3D%22xdoc-id%22%3EBTYPE%3C%2Fspan%3E%3C%2Fgo%3E+%3D+0%3B'/>
                </synopMeta>
                <docSect name='details'>
                    <docPara content='Value+++%7C+String+++%7C+Description+%0A+++0+++++%7C++empty+++%7C+Regular+build+as+described+by+the+QUALITY+field.+%0A++++++++++++++++++++++%28default%29+%0A+++1+++++%7C++eng+++++%7C+Engineering+build+provided+prior+to+moving+to+next+%0A++++++++++++++++++++++quality+stage.+Not+fully+tested.+%0A+++2+++++%7C++dbg+++++%7C+Debug+build+provided+prior+to+moving+to+next+quality+%0A++++++++++++++++++++++stage.+Not+fully+tested.+May+contain+temporary+code+%0A++++++++++++++++++++++and+traces+that+will+be+removed+in+the+next+regular+%0A++++++++++++++++++++++or+engineering+build.+%0A++3-31+++%7C+reserved+%7C+Reserved+for+future+expansion+of+the+packaging+%0A++++++++++++++++++++++standard.+%0A++32-127+%7C+user+defined+%7C+Site%2Fgroup+specific+extensions.'/>
                </docSect>
            </decl>
            <decl kind='const' name='BTYPE_DEBUG' anchor='.B.T.Y.P.E_.D.E.B.U.G' altext='ti.mas.swtools.Version.BTYPE_DEBUG' nodoc='0' external='1' overrides='0' readonly='0' instance='0' summary='' origin='%3Ca+class%3D%22xdoc-link%22+href%3D%22..%2F..%2F..%2Fti%2Fmas%2Fswtools%2FIVersion2.html%23.B.T.Y.P.E_.D.E.B.U.G%22+title%3D%22ti.mas.swtools.IVersion2.BTYPE_DEBUG%22%3EIVersion2%3C%2Fa%3E'>
                <synopSpec>
                    <line tab='0' content='%3Cspan+class%3D%22xdoc-kw1%22%3Econst%3C%2Fspan%3E+%3Cspan+class%3D%22xdoc-kw2%22%3EUInt16%3C%2Fspan%3E%26nbsp%3B%3Cgo%3E%3Cspan+class%3D%22xdoc-id%22%3EBTYPE_DEBUG%3C%2Fspan%3E%3C%2Fgo%3E+%3D+2%3B'/>
                </synopSpec>
                <synopMeta>
                    <line tab='0' content='%3Cspan+class%3D%22xdoc-kw1%22%3Econst%3C%2Fspan%3E+%3Cgo%3EVersion.%3Cspan+class%3D%22xdoc-id%22%3EBTYPE_DEBUG%3C%2Fspan%3E%3C%2Fgo%3E+%3D+2%3B'/>
                </synopMeta>
            </decl>
            <decl kind='const' name='BTYPE_ENGINEERING' anchor='.B.T.Y.P.E_.E.N.G.I.N.E.E.R.I.N.G' altext='ti.mas.swtools.Version.BTYPE_ENGINEERING' nodoc='0' external='1' overrides='0' readonly='0' instance='0' summary='' origin='%3Ca+class%3D%22xdoc-link%22+href%3D%22..%2F..%2F..%2Fti%2Fmas%2Fswtools%2FIVersion2.html%23.B.T.Y.P.E_.E.N.G.I.N.E.E.R.I.N.G%22+title%3D%22ti.mas.swtools.IVersion2.BTYPE_ENGINEERING%22%3EIVersion2%3C%2Fa%3E'>
                <synopSpec>
                    <line tab='0' content='%3Cspan+class%3D%22xdoc-kw1%22%3Econst%3C%2Fspan%3E+%3Cspan+class%3D%22xdoc-kw2%22%3EUInt16%3C%2Fspan%3E%26nbsp%3B%3Cgo%3E%3Cspan+class%3D%22xdoc-id%22%3EBTYPE_ENGINEERING%3C%2Fspan%3E%3C%2Fgo%3E+%3D+1%3B'/>
                </synopSpec>
                <synopMeta>
                    <line tab='0' content='%3Cspan+class%3D%22xdoc-kw1%22%3Econst%3C%2Fspan%3E+%3Cgo%3EVersion.%3Cspan+class%3D%22xdoc-id%22%3EBTYPE_ENGINEERING%3C%2Fspan%3E%3C%2Fgo%3E+%3D+1%3B'/>
                </synopMeta>
            </decl>
            <decl kind='const' name='BTYPE_STANDARD' anchor='.B.T.Y.P.E_.S.T.A.N.D.A.R.D' altext='ti.mas.swtools.Version.BTYPE_STANDARD' nodoc='0' external='1' overrides='0' readonly='0' instance='0' summary='' origin='%3Ca+class%3D%22xdoc-link%22+href%3D%22..%2F..%2F..%2Fti%2Fmas%2Fswtools%2FIVersion2.html%23.B.T.Y.P.E_.S.T.A.N.D.A.R.D%22+title%3D%22ti.mas.swtools.IVersion2.BTYPE_STANDARD%22%3EIVersion2%3C%2Fa%3E'>
                <synopSpec>
                    <line tab='0' content='%3Cspan+class%3D%22xdoc-kw1%22%3Econst%3C%2Fspan%3E+%3Cspan+class%3D%22xdoc-kw2%22%3EUInt16%3C%2Fspan%3E%26nbsp%3B%3Cgo%3E%3Cspan+class%3D%22xdoc-id%22%3EBTYPE_STANDARD%3C%2Fspan%3E%3C%2Fgo%3E+%3D+0%3B'/>
                </synopSpec>
                <synopMeta>
                    <line tab='0' content='%3Cspan+class%3D%22xdoc-kw1%22%3Econst%3C%2Fspan%3E+%3Cgo%3EVersion.%3Cspan+class%3D%22xdoc-id%22%3EBTYPE_STANDARD%3C%2Fspan%3E%3C%2Fgo%3E+%3D+0%3B'/>
                </synopMeta>
            </decl>
            <decl kind='const' name='BUILD' anchor='.B.U.I.L.D' altext='ti.mas.swtools.Version.BUILD' nodoc='0' external='1' overrides='0' readonly='0' instance='0' summary=''>
                <synopSpec>
                    <line tab='0' content='%3Cspan+class%3D%22xdoc-kw1%22%3Econst%3C%2Fspan%3E+%3Cspan+class%3D%22xdoc-kw2%22%3EUInt16%3C%2Fspan%3E%26nbsp%3B%3Cgo%3E%3Cspan+class%3D%22xdoc-id%22%3EBUILD%3C%2Fspan%3E%3C%2Fgo%3E+%3D+14%3B'/>
                </synopSpec>
                <synopMeta>
                    <line tab='0' content='%3Cspan+class%3D%22xdoc-kw1%22%3Econst%3C%2Fspan%3E+%3Cgo%3EVersion.%3Cspan+class%3D%22xdoc-id%22%3EBUILD%3C%2Fspan%3E%3C%2Fgo%3E+%3D+14%3B'/>
                </synopMeta>
            </decl>
            <decl kind='const' name='MAJOR' anchor='.M.A.J.O.R' altext='ti.mas.swtools.Version.MAJOR' nodoc='0' external='1' overrides='1' readonly='0' instance='0' summary='Major+version+number' origin='%3Ca+class%3D%22xdoc-link%22+href%3D%22..%2F..%2F..%2Fti%2Fmas%2Fswtools%2FIVersion2.html%23.M.A.J.O.R%22+title%3D%22ti.mas.swtools.IVersion2.MAJOR%22%3EIVersion2%3C%2Fa%3E'>
                <synopSpec>
                    <line tab='0' content='%3Cspan+class%3D%22xdoc-kw1%22%3Eoverride+%3C%2Fspan%3E%3Cspan+class%3D%22xdoc-kw1%22%3Econst%3C%2Fspan%3E+%3Cspan+class%3D%22xdoc-kw2%22%3EUInt16%3C%2Fspan%3E%26nbsp%3B%3Cgo%3E%3Cspan+class%3D%22xdoc-id%22%3EMAJOR%3C%2Fspan%3E%3C%2Fgo%3E+%3D+4%3B'/>
                </synopSpec>
                <synopMeta>
                    <line tab='0' content='%3Cspan+class%3D%22xdoc-kw1%22%3Econst%3C%2Fspan%3E+%3Cgo%3EVersion.%3Cspan+class%3D%22xdoc-id%22%3EMAJOR%3C%2Fspan%3E%3C%2Fgo%3E+%3D+4%3B'/>
                </synopMeta>
                <docSect name='details'>
                    <docPara content='This+number+should+be+changed+when+major+changes+in+the+package+%0A++occur.+Examples+include+adding+new+modules%2C+adding+substantial+new+%0A++features+to+the+algorithm%28s%29.'/>
                </docSect>
            </decl>
            <decl kind='const' name='MINOR' anchor='.M.I.N.O.R' altext='ti.mas.swtools.Version.MINOR' nodoc='0' external='1' overrides='1' readonly='0' instance='0' summary='Minor+version+number' origin='%3Ca+class%3D%22xdoc-link%22+href%3D%22..%2F..%2F..%2Fti%2Fmas%2Fswtools%2FIVersion2.html%23.M.I.N.O.R%22+title%3D%22ti.mas.swtools.IVersion2.MINOR%22%3EIVersion2%3C%2Fa%3E'>
                <synopSpec>
                    <line tab='0' content='%3Cspan+class%3D%22xdoc-kw1%22%3Eoverride+%3C%2Fspan%3E%3Cspan+class%3D%22xdoc-kw1%22%3Econst%3C%2Fspan%3E+%3Cspan+class%3D%22xdoc-kw2%22%3EUInt16%3C%2Fspan%3E%26nbsp%3B%3Cgo%3E%3Cspan+class%3D%22xdoc-id%22%3EMINOR%3C%2Fspan%3E%3C%2Fgo%3E+%3D+6%3B'/>
                </synopSpec>
                <synopMeta>
                    <line tab='0' content='%3Cspan+class%3D%22xdoc-kw1%22%3Econst%3C%2Fspan%3E+%3Cgo%3EVersion.%3Cspan+class%3D%22xdoc-id%22%3EMINOR%3C%2Fspan%3E%3C%2Fgo%3E+%3D+6%3B'/>
                </synopMeta>
                <docSect name='details'>
                    <docPara content='This+number+should+be+changed+when+minor+changes+in+the+package+%0A++occur.+Examples+include+minor+changes+to+the+existing+APIs%2C+%0A++adding+minor+features+to+the+algorithms%28s%29+including+expanding+the+%0A++configuration+options.'/>
                </docSect>
            </decl>
            <decl kind='const' name='PATCH' anchor='.P.A.T.C.H' altext='ti.mas.swtools.Version.PATCH' nodoc='0' external='1' overrides='1' readonly='0' instance='0' summary='Patch+level' origin='%3Ca+class%3D%22xdoc-link%22+href%3D%22..%2F..%2F..%2Fti%2Fmas%2Fswtools%2FIVersion2.html%23.P.A.T.C.H%22+title%3D%22ti.mas.swtools.IVersion2.PATCH%22%3EIVersion2%3C%2Fa%3E'>
                <synopSpec>
                    <line tab='0' content='%3Cspan+class%3D%22xdoc-kw1%22%3Eoverride+%3C%2Fspan%3E%3Cspan+class%3D%22xdoc-kw1%22%3Econst%3C%2Fspan%3E+%3Cspan+class%3D%22xdoc-kw2%22%3EUInt16%3C%2Fspan%3E%26nbsp%3B%3Cgo%3E%3Cspan+class%3D%22xdoc-id%22%3EPATCH%3C%2Fspan%3E%3C%2Fgo%3E+%3D+0%3B'/>
                </synopSpec>
                <synopMeta>
                    <line tab='0' content='%3Cspan+class%3D%22xdoc-kw1%22%3Econst%3C%2Fspan%3E+%3Cgo%3EVersion.%3Cspan+class%3D%22xdoc-id%22%3EPATCH%3C%2Fspan%3E%3C%2Fgo%3E+%3D+0%3B'/>
                </synopMeta>
                <docSect name='details'>
                    <docPara content='This+number+should+be+changed+when+bug+fixes+or+performance+%0A++improvements+are+introduced.+There+should+be+no+changes+in+the+APIs+%0A++in+this+case.'/>
                </docSect>
            </decl>
            <decl kind='const' name='PKGSTD' anchor='.P.K.G.S.T.D' altext='ti.mas.swtools.Version.PKGSTD' nodoc='0' external='1' overrides='0' readonly='0' instance='0' summary=''>
                <synopSpec>
                    <line tab='0' content='%3Cspan+class%3D%22xdoc-kw1%22%3Econst%3C%2Fspan%3E+%3Cspan+class%3D%22xdoc-kw2%22%3EUInt16%3C%2Fspan%3E%26nbsp%3B%3Cgo%3E%3Cspan+class%3D%22xdoc-id%22%3EPKGSTD%3C%2Fspan%3E%3C%2Fgo%3E+%3D+2%3B'/>
                </synopSpec>
                <synopMeta>
                    <line tab='0' content='%3Cspan+class%3D%22xdoc-kw1%22%3Econst%3C%2Fspan%3E+%3Cgo%3EVersion.%3Cspan+class%3D%22xdoc-id%22%3EPKGSTD%3C%2Fspan%3E%3C%2Fgo%3E+%3D+2%3B'/>
                </synopMeta>
            </decl>
            <decl kind='const' name='QUALITY' anchor='.Q.U.A.L.I.T.Y' altext='ti.mas.swtools.Version.QUALITY' nodoc='0' external='1' overrides='1' readonly='0' instance='0' summary='Quality' origin='%3Ca+class%3D%22xdoc-link%22+href%3D%22..%2F..%2F..%2Fti%2Fmas%2Fswtools%2FIVersion2.html%23.Q.U.A.L.I.T.Y%22+title%3D%22ti.mas.swtools.IVersion2.QUALITY%22%3EIVersion2%3C%2Fa%3E'>
                <synopSpec>
                    <line tab='0' content='%3Cspan+class%3D%22xdoc-kw1%22%3Eoverride+%3C%2Fspan%3E%3Cspan+class%3D%22xdoc-kw1%22%3Econst%3C%2Fspan%3E+%3Cspan+class%3D%22xdoc-kw2%22%3EUInt16%3C%2Fspan%3E%26nbsp%3B%3Cgo%3E%3Cspan+class%3D%22xdoc-id%22%3EQUALITY%3C%2Fspan%3E%3C%2Fgo%3E+%3D+2%3B'/>
                </synopSpec>
                <synopMeta>
                    <line tab='0' content='%3Cspan+class%3D%22xdoc-kw1%22%3Econst%3C%2Fspan%3E+%3Cgo%3EVersion.%3Cspan+class%3D%22xdoc-id%22%3EQUALITY%3C%2Fspan%3E%3C%2Fgo%3E+%3D+2%3B'/>
                </synopMeta>
                <docSect name='details'>
                    <docPara content='Value+++%7C+String+++%7C+Description+%0A++0++++++%7C+prealpha+%7C+Pre-alpha%2C+under+development.+Cannot+be+delivered+%0A++++++++++++++++++++++to+customers.+%28default%29+%0A++1++++++%7C+alpha++++%7C+Substantial+features+included.+Not+fully+tested.+%0A++2++++++%7C+beta+++++%7C+All+features+included.+Not+fully+tested.+%0A++3++++++%7C+%26lt%3Bempty%26gt%3B++%7C+All+features+included.+Fully+tested.+General+%0A++++++++++++++++++++++availability.+%0A+4-31++++%7C+reserved+%7C+Reserved+for+future+expansion+of+the+packaging+%0A++++++++++++++++++++++standard.+%0A+32-127++%7C+user+defined+%7C+Site%2Fgroup+specific+extensions.'/>
                </docSect>
            </decl>
            <decl kind='const' name='QUALITY_ALPHA' anchor='.Q.U.A.L.I.T.Y_.A.L.P.H.A' altext='ti.mas.swtools.Version.QUALITY_ALPHA' nodoc='0' external='1' overrides='0' readonly='0' instance='0' summary='' origin='%3Ca+class%3D%22xdoc-link%22+href%3D%22..%2F..%2F..%2Fti%2Fmas%2Fswtools%2FIVersion2.html%23.Q.U.A.L.I.T.Y_.A.L.P.H.A%22+title%3D%22ti.mas.swtools.IVersion2.QUALITY_ALPHA%22%3EIVersion2%3C%2Fa%3E'>
                <synopSpec>
                    <line tab='0' content='%3Cspan+class%3D%22xdoc-kw1%22%3Econst%3C%2Fspan%3E+%3Cspan+class%3D%22xdoc-kw2%22%3EUInt16%3C%2Fspan%3E%26nbsp%3B%3Cgo%3E%3Cspan+class%3D%22xdoc-id%22%3EQUALITY_ALPHA%3C%2Fspan%3E%3C%2Fgo%3E+%3D+1%3B'/>
                </synopSpec>
                <synopMeta>
                    <line tab='0' content='%3Cspan+class%3D%22xdoc-kw1%22%3Econst%3C%2Fspan%3E+%3Cgo%3EVersion.%3Cspan+class%3D%22xdoc-id%22%3EQUALITY_ALPHA%3C%2Fspan%3E%3C%2Fgo%3E+%3D+1%3B'/>
                </synopMeta>
            </decl>
            <decl kind='const' name='QUALITY_BETA' anchor='.Q.U.A.L.I.T.Y_.B.E.T.A' altext='ti.mas.swtools.Version.QUALITY_BETA' nodoc='0' external='1' overrides='0' readonly='0' instance='0' summary='' origin='%3Ca+class%3D%22xdoc-link%22+href%3D%22..%2F..%2F..%2Fti%2Fmas%2Fswtools%2FIVersion2.html%23.Q.U.A.L.I.T.Y_.B.E.T.A%22+title%3D%22ti.mas.swtools.IVersion2.QUALITY_BETA%22%3EIVersion2%3C%2Fa%3E'>
                <synopSpec>
                    <line tab='0' content='%3Cspan+class%3D%22xdoc-kw1%22%3Econst%3C%2Fspan%3E+%3Cspan+class%3D%22xdoc-kw2%22%3EUInt16%3C%2Fspan%3E%26nbsp%3B%3Cgo%3E%3Cspan+class%3D%22xdoc-id%22%3EQUALITY_BETA%3C%2Fspan%3E%3C%2Fgo%3E+%3D+2%3B'/>
                </synopSpec>
                <synopMeta>
                    <line tab='0' content='%3Cspan+class%3D%22xdoc-kw1%22%3Econst%3C%2Fspan%3E+%3Cgo%3EVersion.%3Cspan+class%3D%22xdoc-id%22%3EQUALITY_BETA%3C%2Fspan%3E%3C%2Fgo%3E+%3D+2%3B'/>
                </synopMeta>
            </decl>
            <decl kind='const' name='QUALITY_GA' anchor='.Q.U.A.L.I.T.Y_.G.A' altext='ti.mas.swtools.Version.QUALITY_GA' nodoc='0' external='1' overrides='0' readonly='0' instance='0' summary='' origin='%3Ca+class%3D%22xdoc-link%22+href%3D%22..%2F..%2F..%2Fti%2Fmas%2Fswtools%2FIVersion2.html%23.Q.U.A.L.I.T.Y_.G.A%22+title%3D%22ti.mas.swtools.IVersion2.QUALITY_GA%22%3EIVersion2%3C%2Fa%3E'>
                <synopSpec>
                    <line tab='0' content='%3Cspan+class%3D%22xdoc-kw1%22%3Econst%3C%2Fspan%3E+%3Cspan+class%3D%22xdoc-kw2%22%3EUInt16%3C%2Fspan%3E%26nbsp%3B%3Cgo%3E%3Cspan+class%3D%22xdoc-id%22%3EQUALITY_GA%3C%2Fspan%3E%3C%2Fgo%3E+%3D+3%3B'/>
                </synopSpec>
                <synopMeta>
                    <line tab='0' content='%3Cspan+class%3D%22xdoc-kw1%22%3Econst%3C%2Fspan%3E+%3Cgo%3EVersion.%3Cspan+class%3D%22xdoc-id%22%3EQUALITY_GA%3C%2Fspan%3E%3C%2Fgo%3E+%3D+3%3B'/>
                </synopMeta>
            </decl>
            <decl kind='const' name='QUALITY_PREALPHA' anchor='.Q.U.A.L.I.T.Y_.P.R.E.A.L.P.H.A' altext='ti.mas.swtools.Version.QUALITY_PREALPHA' nodoc='0' external='1' overrides='0' readonly='0' instance='0' summary='' origin='%3Ca+class%3D%22xdoc-link%22+href%3D%22..%2F..%2F..%2Fti%2Fmas%2Fswtools%2FIVersion2.html%23.Q.U.A.L.I.T.Y_.P.R.E.A.L.P.H.A%22+title%3D%22ti.mas.swtools.IVersion2.QUALITY_PREALPHA%22%3EIVersion2%3C%2Fa%3E'>
                <synopSpec>
                    <line tab='0' content='%3Cspan+class%3D%22xdoc-kw1%22%3Econst%3C%2Fspan%3E+%3Cspan+class%3D%22xdoc-kw2%22%3EUInt16%3C%2Fspan%3E%26nbsp%3B%3Cgo%3E%3Cspan+class%3D%22xdoc-id%22%3EQUALITY_PREALPHA%3C%2Fspan%3E%3C%2Fgo%3E+%3D+0%3B'/>
                </synopSpec>
                <synopMeta>
                    <line tab='0' content='%3Cspan+class%3D%22xdoc-kw1%22%3Econst%3C%2Fspan%3E+%3Cgo%3EVersion.%3Cspan+class%3D%22xdoc-id%22%3EQUALITY_PREALPHA%3C%2Fspan%3E%3C%2Fgo%3E+%3D+0%3B'/>
                </synopMeta>
            </decl>
            <decl kind='const' name='WIDTH' anchor='.W.I.D.T.H' altext='ti.mas.swtools.Version.WIDTH' nodoc='0' external='1' overrides='1' readonly='0' instance='0' summary='Minimum+width+of+print+fields' origin='%3Ca+class%3D%22xdoc-link%22+href%3D%22..%2F..%2F..%2Fti%2Fmas%2Fswtools%2FIVersion2.html%23.W.I.D.T.H%22+title%3D%22ti.mas.swtools.IVersion2.WIDTH%22%3EIVersion2%3C%2Fa%3E'>
                <synopSpec>
                    <line tab='0' content='%3Cspan+class%3D%22xdoc-kw1%22%3Eoverride+%3C%2Fspan%3E%3Cspan+class%3D%22xdoc-kw1%22%3Econst%3C%2Fspan%3E+%3Cspan+class%3D%22xdoc-kw2%22%3EUInt16%3C%2Fspan%3E%26nbsp%3B%3Cgo%3E%3Cspan+class%3D%22xdoc-id%22%3EWIDTH%3C%2Fspan%3E%3C%2Fgo%3E+%3D+0%3B'/>
                </synopSpec>
                <synopMeta>
                    <line tab='0' content='%3Cspan+class%3D%22xdoc-kw1%22%3Econst%3C%2Fspan%3E+%3Cgo%3EVersion.%3Cspan+class%3D%22xdoc-id%22%3EWIDTH%3C%2Fspan%3E%3C%2Fgo%3E+%3D+0%3B'/>
                </synopMeta>
                <docSect name='details'>
                    <docPara content='When+denoting+version+numbers+using+%27.%27+to+separate+fields+%0A++there+is+a+danger+of+confusing+version+%226.1%22+and+version+%226.10%22%3B+%0A++because%2C+in+decimal+notation+6.1+%3D%3D+6.10.++To+avoid+%0A++this+confusion%2C+it+is+common+practice+to+adopt+a+fixed+minimum+field+%0A++width+that%27s+when+printing+version+dimensions+%28other+than+MAJOR%29%3B+%0A++e.g.%2C+rather+than+printing+%226.1%22%2C+if+WIDTH+%3D%3D+2+then+the+version+would+%0A++be+displayed+as+%226.01%22.'/>
                </docSect>
            </decl>
            <decl spacer='1'/>
        </group>
        <group name='module-wide config parameters'>
            <decl spacer='1'/>
            <decl spacer='1'/>
            <decl spacer='1'/>
        </group>
        <group name='module-wide functions'>
            <decl spacer='1'/>
            <decl kind='fxn' name='getString' anchor='get.String' altext='ti.mas.swtools.Version.getString' nodoc='0' external='1' overrides='0' readonly='0' instance='0' summary='Returns+a+string+representation+of+the+version' origin='%3Ca+class%3D%22xdoc-link%22+href%3D%22..%2F..%2F..%2Fti%2Fmas%2Fswtools%2FIVersion2.html%23get.String%22+title%3D%22ti.mas.swtools.IVersion2.getString%22%3EIVersion2%3C%2Fa%3E'>
                <synopSpec>
                    <line tab='0' content='%3Cgo%3E%3Cspan+class%3D%22xdoc-kw1%22%3Efunction+%3C%2Fspan%3E%3Cspan+class%3D%22xdoc-id%22%3EgetString%3C%2Fspan%3E%3C%2Fgo%3E%28+%3Cgo%3E%3Cspan+class%3D%22xdoc-id%22%3Eseparator%3C%2Fspan%3E%3C%2Fgo%3E+%29%3B'/>
                </synopSpec>
                <synopMeta>
                    <line tab='0' content='%3Cgo%3EVersion.%3Cspan+class%3D%22xdoc-id%22%3EgetString%3C%2Fspan%3E%3C%2Fgo%3E%28+%3Ci%3E%3Cspan+class%3D%22xdoc-kw2%22%3EAny%3C%2Fspan%3E%3C%2Fi%3E+%3Cgo%3E%3Cspan+class%3D%22xdoc-id%22%3Eseparator%3C%2Fspan%3E%3C%2Fgo%3E+%29+%3Ci%3Ereturns%3C%2Fi%3E+%3Ci%3E%3Cspan+class%3D%22xdoc-kw2%22%3EAny%3C%2Fspan%3E%3C%2Fi%3E'/>
                </synopMeta>
                <docSect name='details'>
                    <docPara content='This+method+return+a+string+of+the+form%3A'/>
                    <docPara content='%3CPRE+class%3D%22Example%22%3E++++++MAJOR%26lt%3Bsep%26gt%3BMINOR%26lt%3Bsep%26gt%3BPATCH+%0A%3C%2FPRE%3E'/>
                    <docPara content='where+%3Ctt%3EMAJOR%3C%2Ftt%3E%2C+%3Ctt%3EMINOR%3C%2Ftt%3E%2C+and+%3Ctt%3EPATCH%3C%2Ftt%3E+are+%0A++the+values+sepcified+in+this+interface+and+%3Ctt%3E%26lt%3Bsep%26gt%3B%3C%2Ftt%3E+is+the+%28optional%29+%0A++argument+to+this+method.++If+%3Ctt%3Eseparator%3C%2Ftt%3E+is+not+supplied+%28or+is+%0A++%3Ctt%3Enull%3C%2Ftt%3E%29%2C+%3Ctt%3E%26lt%3Bsep%26gt%3B%3C%2Ftt%3E+defaults+to+%3Ctt%3E%27.%27%3C%2Ftt%3E.'/>
                </docSect>
            </decl>
        </group>
    </unit>
    <docSect name='NAME'>
        <docPara content='%60ti.mas.swtools'/>
        <docPara content='This+package+contains+the+following+files%3A'/>
        <docPara content='%3COL%3E%3CLI%3E+%3Ctt%3Epackage.xdc%3C%2Ftt%3E+this+file%2C+and+%0A%3C%2FLI%3E%3CLI%3E+%3Ctt%3Epackage.bld%3C%2Ftt%3E+this+is+package%27s+build+script.+%0A%3C%2FLI%3E%3CLI%3E+%3Ctt%3Ecygwinxdc.bat%3C%2Ftt%3E+%0A%3C%2FLI%3E%3CLI%3E+%3Ctt%3Ecpytools.pl%3C%2Ftt%3E+used+to+copy+tools+by+other+packages+%0A%3C%2FLI%3E%3CLI%3E+%3Ctt%3EVersion.xdt%3C%2Ftt%3E+used+to+generate+Version.xdc+by+other+packages+%0A%3C%2FLI%3E%3CLI%3E+%27Ccase.js%27+generates+configspec.clearcase+for+a+given+package+of+interest.+%0A%3C%2FLI%3E%3CLI%3E+%27Ccase.xdc%27+is+used+to+configure+Ccase.js.+%0A%3C%2FLI%3E%3CLI%3E+%27%5Csrc%27+contains+all+sub-routiens+of+Ccase.js+%26amp%3B+its+documentation.+%0A%3C%2FLI%3E%3C%2FOL%3E'/>
        <docPara content='This+package%27s+build+script+uses+a+COPY+of+the+%3Ctt%3Eti.sdoarch.standard%3C%2Ftt%3E+%0A++package%27s+templates+to+generate+the+Version+module+required+of+every+%0A++conformant+package.'/>
    </docSect>
</package>
